Player Name,Player Id
setsuko1#NA1,kQvijEh5BLK6iIV4qXmLiT1z-G4pPYfeihxiBpgJ8vNV_vs
Dishsoap#NA2,4IeUjU5-xMnkwTveXB1nFpEFyAVo8zqd-KJFx80VgCRqJhOE
TORONTOTOKYO#NA1,MFIKhIF4LS5UhwiW62PYb6Wzedo-mlp57uL7qFp3GRZW9b0
SpencerTFT#TFT,0cRhRRu4Gx2UbR1ypAoi4Q9GtoBFo3RZg6ZUkGcoHkGBfMQ
grea#melt,ajtyfq3dZH_K5hagiMuJcrezXfkyJ4ISGhkumMbuvQR3cLY
Phoenixaa#159,X2IdoNW8T-IWfVt739syrwbozcGc-9CleRHepGBrtxE4mi0
prestivent#NA2,q5KVCaXv3Y3KORWdtUaiO-k1jfiYc8cwO4Nz13K4DGFgsVs
wilf#011,ITn4NjyRmZWjKih9B5PdZiyQiRiCz6lA558CssCw7oAOLQzh
DQA#88888,47r5fTz-MxieCXbF-Sv4U01fa2Xy9RjigxWWcEP8HcwLkQI
Aesah#NA1,4LzqMlgREqOIzM9R5tOuPgAWoRSHBxAr-CVNyfIiin-a31E
mogumoguyummy#Pocky,t3g6G1S37980s-Ia99m3L-_puopjOADvWHwmb1HeXjISmqIg
robinsongz#888,la2a-p5d3L1ETs2I0owvLksnlOcugH7PKXBf_XL9leYQrGo
Brucelolll#NA1,oQybR0QjMn7qnv88o48KeYXcDdyzgYp4NktlJZdj4ia6rO0
TG Upsetmax#NA1,dvP5xyicxuHo8OlYO5etnOiteULEtKXOkmRM2l5WYaQn0lQ
Mismatched Socks#NA2,kR_J0KjOqGeI3BgnTWohPox0MnfVS1JzPoD5RIaUHf0ZOw0
tleyds#NA1,IZ6PAmnpV1WAHkwM7Z-wfSPmRxn6yxz0CYG7CeeJZCMvx1t8iucwiy8WPQ
Kurumx#LQD,IUBmOfffQ_VfLw0s6B9FrU9kVO_gYs1PG1Ou84QBGkAzWfs
Darth Nub#NA1,xYy5KYSBHBMSTBtvAWQmu59GzM6RZw_a8I9kLcFpjDEORbQ
Cambulee#NA1,UKalvPqx6__VngADJQBpI8FUw9ITaVUbcRy_TQ0NKMLhriQ
DavidAs#TFTQC,IuU0O_RW2-gxfxhwuplQt6kYppzdcRyve1Ky_7KmwLh0bQbT
k3soju1#NA1,POpgZ0GemTNjmOu_Ve0q3P2YiYAwOH3v40jJFbX_9RkR_8hb
bossoskills#NA1,1bKYvJwGlmyi6CyuEk8g_GUfTzDagXNEgBFo9Emr3ouGO3o
guubums#1874,wT_ZySMGaPPpEesVwUyjOj2n1k2p-qdBifGLPSGYJhl9fs0
plumbum#NA1,zavHeOBVxYUqY2jiF9NsiZvdJnoXRvUYXVi9O9ECqOTusG0
wasianiverson#NA2,D0_bQ31RvaXyYiUc8C91tkPWICOmY2-bIlYXcCSm3WciFKKl
Kyivix#NA1,fFKgOEne8sY5b8t1V8vjSFoPw1atmKvbq971PrWmCpbK-R0
Nik#0283,hUtNJUkkjr2MyjmARqeG_eaSotZ_al1Na0gS9ZlhTuYZNrY
Milk Guy#NA1,Gna1542mmT08NsNR1xJNjf8nHLORjADtPpyi_kwKQao50Qk
Lab 004 Rain#Boba,j-3RWBsp-nAY6VxAyFsF1baJjovS8wTTfN1S8cutoQtY4ZbwAdGdsZzXrQ
Appies#Spicy,SoBotDcI4PjY4XKfEV0lNssATpQltuK7ZLB3Dy7V5wKnMkA
imriveting#NA1,2MYk-zF2qdVXdRwPoZ818OnZRfZiUSvArTuBq_CKzSzNZ2w
milala#milal,S7kxNjsU8pR7k3uCBZBDQeMRv7c4GzHCGpiXjXL9CwwwKNc
QualityHooker#NA1,z2SxuXC8Sf-rov88pBQnPuzayc1K_AoC1T4HpUSsKqgWiac
Filup#NA1,X_SovD6riSzBKCFMJVjC-MHecLn8OOovdQqARfbiIfMC5tk
Xbmots#111,noaEWQlfRv2TzlmF-09hXVBurCagQh0J1E17KjAWs60FMak
Roontonzorg#NA1,Ny1qQGN7CrC2tFGks87t2Rc9CHBzLFXdfjLS-ReZlX8xoFcOKW02wFLAIQ
Kaiweng#NA1,ZRj8_a6EwLMXpLLeum0T7QvrG3H5Fquxcm620hjEIdlB42M
me1stor8th#518,CaWnjm3B5dreKq3oezof5HCi2rL3pFBgt4AAT4pPYXf-HMM
Marcel P#2982,eFZsjS4yqCzsmQc7RHFKS1ZWVnHGzx-tttaSKQdD-8_LYoFO
Protect Scroll#NA1,bDUrDaGEKnh1QEBcXvMLitJNE-ua6VjuSOdy9JqWHkJGhPo
Triple8s#NA1,3pTd9Cw_DdeOssaUR6evpD8lgQFrkScKPchJ92GOAUaR9uo
Lab 003 Broseph#NA1,Jm14ER2T5YmnIVS3rvNtcKky7DLTLZ6b5mSDYG9XvGNDwHk
bopster#NA1,bGSIhoRt-Jz-GGCPO_agl4GTxEudP7W_kYRg6BX0utNQupY
GM Blue#NA1,xSrEYBiudmRa9y2gk03xh71PffbdHYdbgTycAV_9u6IySbg
Kirikaya#1414,wSpXQXOcLlJECSHoCWr9-ZQTfFg2UfYmy8-MK87kQMQKsTw
RamKev#NA1,t6d9LE_-UZRENkDhnQ3y02LKg7neZ76wqYsMs7KrCvLHlws
bertasaurus#NA1,RsANUfh_mnNARHkqhymPUXAH8Tgiodayoh24AvBLUgJriVY
Stellar Minhee#wasdq,S9sbL3IcqPhXCfc8ccfZHFmeweUyX5dV3_vEM60U4xkE1Jg
casparwu#NA1,OzjwlMsLriO_7VZzKT8GueiEEJmJWQYJfMI_lnieduD0u-M
ReynzeR#NA1,p1hWwgZ7JYcDwh_S_o6XK-T0kf-KgZ_G5qfidEV03rpFJ0A
Souless#001,dVyCYZCmrPXh1aQUBDrlZyJQWYhUtVrMBlLbQe1D9UArUpc
emilyywang#1111,n7RtrKRFoYxWN2kuFIYj84Gz9u2N8Ad9XKVC_YMdMlzwkAch
Pawnup#NA1,XncJp-bi8KzBZtVcMWg5z0KIP6w2s1iUTTxogAm2dtsTzzc
bandit#tft,XrIIcX5Q4JGHymHIPZfO-fR2v4sOJPze1RlzckNsKVWMyEVP_dgHfqM76g
Geehess#NA1,-ERuIuavEQLbH5yzMzrgarLHbPRZV6DhHNLpuKn1NrUrZfw
Lab 027 Sehnbon#LAB,0itB1odIyNRUSLsxdsDkRErQigQLr9K-1tv6ieBGc-6CJ64
xLilliaHoofPicsx#EEP,QLyRkPoeQhzazG8U7ylbB37Kpnv3sm4G-o3DoagSFAvYFQ8Jcm1v5Jw1Ew
Liquid Rereplay#NA1,PJ_zRPq4c0DB4Wc2PS4TN83xPtXE-Lw2BvmW9g65zEyi3sE
Núge#NA1,ZcDNaeYF41l1Fz6nS3ENdQVQn0_TR8x7paGKpUdKWKTlbtU
Spethom#NA1,hJ0UdZmwHcyYDTzpL4X24dQdAbnq7F3iVo5n6k3R14CcvEqi
Lab 000 DK#LAB,_dm-kRScfglUJJMUtoXb4m1bmAo6kk8p5ftuw_QL-8GUmmlCBZUnUIF2fA
Hi Im Ted#NA2,LRQpxb8Q6TtVY8dmgDUH_wafm0xxtmz3WPdYoalz7W33iKE
Lab 005 Kayndrew#NA1,VHe2SyF1XfuSkvdzK_Iev_0l0AIQThAoA65m5VE75TLNX54
MEYOU#1010,S0FmOX4LczZmP-RettG1MlpOC6YP-4HC1_TyiH0NDMnPRyjo
dankmemes01#horse,w5NWpjrAHpkbafHg4hZAJrgeXsy8d6MSyLarciXKfJY-0hFq
sad kings fan#NA1,T4XVx1hMTmq7Zm2En5BqIzehhUJs-CzvOdQFWRsqIhX01Vc
Syrian#NA2,UC47TFnyATT4VY2nWRqy1y7MWEUEiXdfd1NkRx94Hws1p74
BlakeAustin#NA1,xuhGGdDCejtoomEmByO6fMdlRYqNcBGyvwSR1f5wBj7bv7y_
Lab 010 Barney#NA1,euJElPd3cslfcQHZ7yjTRsd6UOHjCiS51_9t5qrHdo8e5x4
ChungMoney#1212,rseQvPILG3jVGGnikO9cgLVVKzfH1avAVb1Q9aCV-WbJ2q0
Kiyoon#KEKW,nuNDBcpeRJVfMDx5Z5__XxsvloJpwJKfuNMFa9kmGJHvNcg
Hurten Smile#Dread,6omY-kD2o707aS5b-YAnDQDoE_75rH9FOrTmVx2y5fW-o3H7
PlFF#NA1,cWTDYGIRh5lfgGf04beQ5YY9sbqQxdoyvpOlr0EJO7J_jOM
Ramblinnn#0001,TvmQEcNGwkUZlUOgvWi7Yau0W6aM_F07X6OCrXRSGINkqVQ
Knakrack#Knak,dl-dEq8hkXlSC53GJdYmkjWT5T6RdHymr1EITcMCcHxJAQ0
Chengo#NA1,VxNZyFwhio5sfYQGd5drTE1YXsIDBlwSOKwKU_Jwgc7BkQw
Kole#Seoul,R077Ump_D2L-bnwrsY-ei993k-2EBwQydWDy-d2kWTFK9O0
Liquid SV#NA1,il1HgzcPgvEsAncj5mhHGKLfZKZGahU2wV1jGeF1pMAX
Carelessd#ddd,HIYpqS55f6uDDeOHnfqZqSclKlXMOlcLZjXVwczpRs8atKvnSxBNNU_o-Q
seihunkim#0203,eXmLkH8N2smCDjYjQRAJ69DXVB4Gt1I2N1nvoASWnJi3fxku-TcwJ1E-lg
ewwic#NA1,U92Cl8nnf7s7yaIpF6zfYkBjkCCy5kWj47ixbvRzrcC3
Neonify#NA1,kRLwETGWHDDJYr_g--9hc7T3oL_kMvJ4TsvT8owljlNxyS8
Weklet#9509,F65YsTzFU2s2opdzExC-I2MawpKnl8py0x9cQSo83IDF_98
superflamezz#NA1,aOaPfBW8Rzb51vi6MMay8vNCkdsItzMKb6tJYJx_DdFx_wGMWpanlSI-8A
Mean Mister Kien#NA1,2SNSOSBdI3F1gLgDv-4d0SAKWh-gH0B2NcCaQ3uuPHljSaw
Matty T Ice#NA1,fryByiWX-owiPmOZJ_LzXzbu4iz_rAcIhYtepB3wlYUKPcXdRyhuvVz5qw
Tropical#xdd,5hg_RprH5jz6sPObBjDEXzQV-Nczp9cgFV4c-blOSegXFt0
Ozymandias#9032,ER0gid5mTxMQhXmN-4zkJ2iy_m27Yj-TedpMhfllfPWb7_Jzm6QRjcPYog
gravyBoop#NA1,mmLTuIjDZK4__i_f_Fm0U02j0KvrQ7aJdR_V50MrngPLdyQ
Shuckhax123#NA1,DpfvAH_D0YY-jo4Ex3tH0OCMbTjA2QdbE_scQp0iHqviRIg
JukeYou#NA1,E9xQNyTYW0PsIvYd3MfKJr3kagcitZZtVTZssWXSM45rYlM
Kindlegem#NA1,noFmA3bFqzZYbVt9lKpmwATrMx8IxSF_HBPDd01JO-eu52s
Camysauce#8285,hgXXsBWJ46xossg-RUC-t5v2SqamQTVrIL_K9dV423-FFXc
boomiboom#boomi,Aqq1fr71_JdydPf7Umo9esh_osyBOFesdMF7eXEKDaLKtuy4
invecTiv#NA1,0u-Xi3C03SsLiT5XwchLytmNP1dfyk_x9tAZDDBb4fGDRlc
yojicho#JJHC,bFzVMOdqd2_s9tvfWl_ls-bqHP8hNvd1Q1nW7rABE2uzp4QY
xiao dian dian#xdd,PjTEVX_nf7JoBgbuzZiJBHBK65zt4xTPuMC8SyVr47bfG3i4
Lab 018 biribiri#LAB,3jXMDms2cWyRmXR-xkYfeNum578lsbSihwwlPu8AZ47DfL2q_1kjksHAWg
harrison#00000,8dDOJhXeSdKSkXaLqxGCW8bYS_xkYi60yJdIkybCSwmt_Vw
Sunny#TFT,1b6hGmtwSkNjtSV0cJAsSUy1L53MBhn7MiBY7JoSyij6ZBE
JACOB ELORDI FAN#j4c0b,MYUucT8aZd54ipLvJ1mCxPZHGpBZvaHZhLG7xvHHlv3tSva8kntm_jKQWw
robivankenob#NA1,xwLa4mi6h-6g4K8IEp3MtHTzT3yBNcIbNMPr0Q5qCwGPaqKHTXjtL6fu1Q
ms gwen#llama,da5hNqMm5_ohsoeNPKpkst9SteNMMctqurJoPDbYrW5hY57X
rudyr#NA1,SGjqQ4eY_tJiGl3F-J3xnGII0gkjY4TV7QdE_XD6U9vkKvM
skinnyuglybaby#NA1,jNYTSoIp7lyWE6pxQPo3wv0QRQay-8aXoizXu36wDWRuH7Iw
Sully#6242,Zdwy4YexnrKVVUMR06XnV9qyLQd5mhJiZd8PIjXKcP--Okc
one autuumn leaf#blank,dKDZqNUXvisOaZVzv8e120Qp5AHkLYdzevgNRjl_iaVuRTDOWRJpdzgbFw
horim#NA1,epLnckpi2cYGv0k3qtwIbjFo9w4H8NUodNtlFCp4gh35
Moechi#dpr,SMjiDhw1Ep5b-czSqLD9mn9q3dIKDIV6Z12TafcmS6EWTMY
TheMagykal#NA1,Hwu5pxwzMydgJj8fJigJWhM7Ei7n_YQ5Wi9ZXSbIiJB_DwU
keans#NA1,36N2-5QZRfciG0z6KUSPVsodv2CVl414lgWp81QDnKysCC8
Wong#HELLO,zb0rTmXd9NES-a2TRch3O-MoM1WGdYQirgKCj_BpQabQ_aQ
Lrwinnn#NA1,J7NkXXRhiG_p0NZuRdsjPdbDFoVcibrzmTSt1ySmJ-yzepE
DonkeyRoller#1212,xyY0IxKzBeeyBYnd2NRhsrUkdBcQuQU0GVCqFWJLXfTokHuG
Groxie#NA1,zT7lU3zMXv0ocSHc5gVZZfFjuiTLWxYaeSf4xLTQlM9e5O9H
tbone#747,h0yEykfz7RzTO8L94DjctIA6myDXRY0E9VijEMAtAfw3wcPF
Pr1vateisPenguin#NA1,2OFBKtJPa7MnIKRVqlYmhe2Fhq974VZYrdecr3p_lksS9tSa
kpk618#NA1,eKkVnHkMxnhYuqpOFkepqNNchsUV2HAqdv2e2TVzvVmZClevGGTaYe2I1A
JesusTeemo#NA1,XlfgV1F75kweSg-PAxuRxidjKdImQS5BcmDRQuoB4hbo-hU
yawn#lyssa,NTQ3VNzNKA0gB3nHhclP3Zd3-sScCd_J7sNfsj0MwMx-uhA
TACOBELL WlFl#NA1,HfJzP6tHuyLC6M4GRMcesAGsDxW7p_G8jSUUrsZGNAe4oQg
ning#poke,n_HTq_kfLZZjTXnDUFRdroV5GyQRA6qb2_4Ark_RrKSUQO0
Nostereleven#NA1,A76afCCT5UXAwmDVILKtHDbNh1KCuCjXoUAMXDVwlrAeUUPe
Sir Noots#EGirl,UxrAEGBKYFcze3L2eQz5jxoTHP2hvY5OSCNAeWLYHzmCJrI
Dino0228#NA1,dluG0dVqtwBLWhIuvEk85YpuPaWX4GaetqcYBtjKUQk2QCQ
Willia#Will,fL42S7EGHnY8RayUdHCeb9t5B-UM1f_FcFYMzmX9p7WXlls
Yoohoo#6969,qdA4MWYoUP2tP6IhXaofGcZ8MECn1FcytcXHVJpyk2ZDR8I
silencer142#NA1,PmhGzR0xHcNBg8D7l147l0iLVbwvJp9hsyltRI5sQZn_ASU
Shabby#NA1,7YxvHv9dRuLwS6XYC3Nmm5z5T8ru0SnoQJgEIJyxfgQEbt0
LadderSlayer#NA1,piNE_dPs2poSRg2IIUIZIyq_-pCE_4wvyOnbP-V8E9xWtguANKXpJPx44w
DSG Toast#1337,0DBLCdUYQFxdCQNOElknb7_CAdnbFKAtsXCuJP_815ddFNk
Post Up#shot,W9JeY3TjXHWEygmw4AaaEEOkZSlyJ0tJTEK5riGMIlUJ2yk
Zurk#DLC,gAKXI9lWxHgbtYmYfAsjqYFi63tdp0WLlTcbdFankXPjhCE
I Take Drugs#lmao,DedzppYERZ-jjGKZH2lW0xV0I4xUT27EL9Qt5zABBqiGPxw
Quality Teammate#4878,3yVJxwOSPe0VYgO8kfjML8_T-XvbXPAPywrJSixFq9gsLRw
Learning TFT#NA1,C5k3PBhYAQKc5irohOHI2bT-u9471lKo7T1S_OHVIjaL_NQ
Eo Soo#eosoo,0U39GiWPHJm1Smi7toCCoZyY2t3Yy42wGLOXtLs7ZADZIM5e
Millennium Fox#TFT1,Mbf8HXtbG12aOtdOsR7_lEW1IBXJvHAvS8ws7-3y8uyVUK4
OneButtonHero#NA1,NqOBeakSyIDYP186Ti2pRuwipdFZXUFqcBC5bE0jZ8zNK3p5
dink my oiter#000,M5hHzjBRpEcWGufwrxPKGvtWZGr4z6lBkhqBhOBd-65lKro
Lab 002 Dinodan#LAB,xPItbUZ1kPpYFGwonO7Bfn4ITM3Tb-vH5-JM0eEaszt_y3M
Labl3r#NA1,JmLSDW07swVgANn95eRHbU5cLjnnYwWnV-9TKyV5M0GoClA
chillmet#000,vN74rIR0yQQal-vutW3odY4ljRisO-Ac6oFQr9SgvAGmgQc
Lab039erinkuma#erm,eopCVo3bv9GCMCXrPx0RD0gfRi_VUge_CYD4NNtOeaP4wFE
New Learning TFT#NA1,1YFMyX0F1T55kkx6sK1ARK72Ii94nelxi1g4-3xVgZ82rLdO
53414D#5955,why_0Jrx4QWIwCpRLOK_fim-kfK5R3U9tpakptCBgkXTpZM
yoni#7601,PSev8iucyTziS9S_Y9avGDaskvoGJMgmyZwT3iticQqjt3A
marmle#marm,clAbpuZJPx05T4UhwpQ0fURAAu3uafUV8llX5rx5o-Wey-co-XxPOwEyWA
doge#stew,rtbeIxrZi0kWVxo5lqGKfETxpbWQNVVlyOJhReMCuM8Pe0bR
natural 8#NA2,74ONRILmlEn9dzJkL8-XAvADRe1psMJb4wRZ0-X3hubII7hkGxxXFvJsyA
Taco#4FUN,Yn4VfgDJfYdQ_vqhGekC03RP1n-Dr1CjnLEPPV4NiK0p9eI
Lab 008 V1L3#NA1,yJ1zY-4Dnuc-I4azfv7mtmyUiLgHjaAYpNy7gzFYXsZkL5CUIoEvxPwtbg
Lazuli#0000,NwVMYjYw3ZLKEhB21IAb2cIMB6iG0ixpOJW9SrMiglDjz_Y
akali#0002,2tiGtESmO3LQO1-cjW85sGsSEitGcT72IKyUP5jeFpGNfqzg401cl9G6OQ
Subzeroark#NA1,V4UpRGsB4MC86UpHgb0WzfQeJZxWZh1V3d72L6P3zdkdE4Q
Tomix#00000,s8833qQiDp_YYb666QB0sdAaDe8QDhp9AqNwfYYaj036wx0
Ashayuni#lives,1wnlOA-92rbQhP_jFwEH1c7XctKyeP5P9lSvInXnxAuqwvk
Chikapu#7755,BwOjpye70Gpwqnz3UVAvjxqTb2Y6picuFldpfuKpny9Th50
TSphere#NA1,0tVROqYqOK_8p07N-9QHG6svdgHbNRmemV2n6jz5fgW5OYw
Lab 001 Maki#LAB,MH5KpOFvNSWzXgCnGVC0cXNw5iBaVvu-LA7W1k5iZqnU114
chicken#4106,fobbh-wug61Nx-1mqlmljrE9tZgVYxEXueG22JHr_Ela5mI
LukeLarson#SLL,DxKVYdfyFWG_Qka4snnPUi0-P4zsFPW9DzYo33_JELyOxBU
Jeuynh#NA1,G2NBwKKz0sab5RaJaUzpFf2r1F07Z5T83vi22pkOo6mMVHY
superiority#kid,-hBvMP1ntz7dg4i-AWbAWbFJ16TZA8RQPnck6KSShyExQCWx
mimivirus#NA1,s9girhG5y_smpGlx_lhN5iNO_85h4jFaQoeL0afk2F4tsak
Luqun#NA1,5uLa1mCRbidEbTm0Tl8CxyDPHEHJHUFyaOeZK8m9dOSLzuU
Dreynox#NA1,SMxX4IVUlV3Ek0BDQ0bj8ND4NUvFmm7jqehqzSUQzIHWKEA
campislife20#NA1,9gLsQRrChsqXIPj3xPzaL2OegoqvJsJTbl3yltVVGvWJsOR1
DreadEye#NA2,KRoSWfis50d2nLvhmPA4IL3nf7BiSoWx_qYuOfxrmmxY5Ine
pitzy#2676,IJZK3K8wTIUj-V9fAJne7vJzlC8WHl2PsPjXX7Vd2I8bNMU
BananaShack#NA1,T1R6Pr4TWUY-rg6c-yJTkH7A2q1WQhXtCDpu7aTJmwRhCf4
LoverOfPies#314,XHE9VgeLJPq6WQHpVv1DW9feo0vjm6a9c-esrieaVBYTbbs
snacklepackle#NA1,F3GyNm7-0ChDDni7p1KyRmZDKCKY8aUfBTN400_6wMPDPTs
hmm#NA1,_7mMBdjTaTHo8s6W4BuTxvE8e77uy7UV2TiJG-rJTqC0FC0
Nephthysp#NA1,sDxPBBnM6UMUh5FHzOhsk3DxhpqYzYt0qbkwemIhSE-f0mo
paulhnlee#TFT,v5bT78RYsFszlHLNJt3laXSrDyUpAKqu9QKZGQl1hpouVlw
deca1#xiu1,Oz5mbTzYlxoyIEXxPd_lPn43sRQHu9us-LrhBfrY1IzXmMJ1Cx0t2JUeUg
MJH#mitch,niCuHklDSoEJLv48uWNWF1u9MAASO8vu2hHi7feDYOD9cEll
GeneralCai#NA1,4u5rIA92Fe4zOUFwKCYKffa3JQEi0HDyUgtiaOrphAH8ZjM
tboy PhD#NA1,z02KxMrens1N2dd3r4skLFmzkHb6RXeRqFNVZg1qqJ3SY7s
TTV thekrayc#NA1,JQVXsbiIyHwTimkMnNsEu_DbCVc6sK6yVENVdfP6WrH-32Q
KiBi#NA1,shTfX0bebAzJnBU6w6cCWW5SEB-XCXVWTISZ1_GFuaGeTZY
Frodan#FRO,qqT5RL2FwHpZq0R06PSFim8jdziOWpqs-dTHyLEY_kVeNCQ
Bozo#CHEEK,Pj096YLiTh8RX296v-2q6o0k6g2xcqb4LRKAUQEFFVjiBnk
phura#cris,UvNWMK7XaBeZssGL1KjR8JMbZwq-CnlStRoL9FSSVSqBDfxZtPXqiQIOoA
WHALEOFPEACE#NA1,zNPJWJCENVbwihdly2GjiF6PeXO6e3EDTgz9_sBp77DDfUo
Xiaou#YVNG,YfHfIJ9I2FYMtihGDdZfpAiw6BdF7MhBLk8B4x2b0FCKfIs
iCopyKeane#SIMP,5k4WvSKd9ObUbqi1sf4oy24I6BYwAsXnAhY3VQIzzO8Xlp_r
mein#pengu,DW-l7-8x0jFEZIn0lqcV2MhovRoSHKDXriw8A3Md9BLq00gz
cneryx1#000,zPbZhFOMog1BZIBX_ovUD5W7eE8MhnuFwuwurLI8gnFFS3A
Rakki Ryu#vtube,HMZMsOJkdHCvLg7tE0mrHP4D8Kvb_3ac_03RTC1U3QpfNSE
weird#4201,JU_eD-cTIqfrlLnKhLCje35heAd-gjNjp-iA1mr1zsSmRr8
Pun#TFT,MXrXpJUn1kNO_i13JW_RoXRYfWNR1iKWXndq2uq5B2VXSXoL
Gator#3345,HyAtu5XYeh1B6sjKlAU5GM43xR3oNuyuvAVEyu59TSCOemWF3pztBnxRCQ
TFT Rex#7670,vwfNhLbobLILMLsVTmjiCUC5nSk1cakJWtj9y76IlkZpmv4
martini blue#hitc,MbD6pb_6MhmzqKAyTw2l8CIIkG3R7RTeTNAYIW5us_vwu3we
Anx#TWICE,uFXD1qlsFEP_jNrA8qbIBSHdCTHNehKy5hQBrVDVTeG5EXo
Trade#6969,G85SLoJWrlkpUtYB4ZwTwHWBmgs9nN_1na46DIlutCWGDc0
Bulls0717#8888,dLPhZs7OIzxJrn5XMhftoZ6SvvcPpbIX1Q4vB7aFMAy3LZg
DrLilCabes#NA1,nmqkm-Otnfi8HnuPluxaCneLPpPOWgJC8lfg7a6yHvSMq-4
Daeyle#5676,3Lres6GfddjuGDqAeQA20LESDP7dIHtePgIc8KGJs48xBBI
Tarturus#NA1,shKRspBUSvS_Vyyp7bYMiuCssM259tJXus6RKlxiiOhe_dc
yoohnTFT#NA1,nHhsaV4T2bDmAXTtUYTOjhdHfEFq48_ePrLgs2qdOKfEcIA
DashDing#大神丁,wu0deuZ3ACJ4kBJ8Um0UwetxnZWISEBoFBTbZAEFNUKJKWF9
RFG JasonLin24#RFG,kZKCqLCueKAojbk-jU6AF15qZ8FOdu1dQSFk2_-yBEDXiHo
jeddi#YER,FiUhU8uyWwX8q-ASOHr0We7ihbGbGxnynNqKPj61fDQ3KRw
tuna fish#001,6OeGw54L7uyj5Nh97XJAKW3KbGYG2ZSSDTtnHAadKK1eFck
Crushings#NA1,4UEKWXBoTtm4lxrrPRf53Sq6nmmRs0O6_n-FYrizs3K9gBb0
snoopdong#PogO,I6G13coocFVKIKwfdCYqlrHjQMoU6qko6ar1At39JkxK_gIg9KQDqsum2w
nctn#NA2,zDYIWM4yjCtSoJ8RGDugASVDvMt3vVp9EN0r1toayu-V5ZJm
kramsey#NA1,zBsGcX4S2BI5sVdd7GiWkRKrN0ugjmxCONmcYXcCdNbzhFw
Vuo#NA1,LzKP2mt7J3NWwAl-C711_QA6XbPFijxKLE5wW4UbVp6AZok
PogiTheCorgi#Pogi,4pn9uj81oN73eBDtGE-S9KclfqlggMdaORhM8SrISHVQhQ8
Marshmadillo#NA1,ybvzh3CCunhnyEg7mUsK8EkB-GUSoS-pGdYvddIfrk_SzHPM
MTS#amaze,xLgUaCkNZT4x4zRhH-U2k3y4rvGB3EBN_af0-NUPA8kS5qs
junglebook1#NA1,P0I-1DiWB4wz5jXs240cJl4QmXt577FFOzjWShehL67kwXWn
yolomycolin#NA1,KzemR0pKAxa5kOhFz41WgJ8fQPCnbZ_M3SCVfm2DGnIjtDyN
Lab 028 Majority#TFT,2GTDj_vOItG2THYyHWUr5YSH0C98KGXYtRVmiMCotzQY1XE
Troy Moon#1337,3CmHvZ8_Fvw7C58CdYVy_BBbQZskMDjjX4JJ2UxCPw-Pea0
Drikk#TFT,aRRq0zRE8ffqttTCyzSDROJU8IUdjFSCR8pRDJt7tcey4vZ-
A Common Quail#NA1,5D_10-TLFNBh4F3OaOrA9bIZ4F8kFrHAh2GW_-BfoYdlCVk
XXY#3208,nlYH5blczijFBrXF1G5vJt7cvM9nw2rJG4SPtUA6yW5roD4
Freebird#XDD,Lz1TptOdPIiyS5ed9Sld-MxPoTgKrJq8nMsZoXMvYQQ
Oh Hey#2337,Z92jJ4nLF4OlXDAzj7_RFJhmF9m0LM9TRggotIAHw8XIcfQ
Pizza#peko,RdLPAyoNwql5hAeDAoA9TGSpkN7773D2dmxqmzgCOF2QciU
Smites#NA2,MiV-0fV4r6e2wbXILE6W8XcxWZWCUFGEiQjIe18T4EuU8v0
chan#chan,orc7VqtCITgRma_zQUb_0ckxgSpA48av8b5mJt7RaKGCF-T7
Ripple Overdrive#NA1,HdObVmUzU0S2up9oNQhZU6kSwPJBlMJeJ9vH2-Q0Fr4TUek
BidetBoy#Bidet,rVKI_yH_L1gu6Vsx3b4miaglxUeDTSex8nTwu8bV2Z6Sn8Y
bennyS#001,PmLbwNwXQgxGAmnQerH7t4ZuDE1U0xzUMwYSrp4pe5CjgK8
Effen#NA1,BtRVYLFmv-AgUzYtGJn-TCU8a82feJqD48Yva0_3J9vfv8A
syz#0021,1pEX1BlaVB7ALUPDYzwFFVP3-aHIq1JVwm7ebFBJrZn8iH9G
Toce#NA1,qgQ_EUmEVGdppsDRQ7h1IZ_jOwFtNeVeEg-n3ps8TDag7V0
Spooxy#NA1,_N_Sg6p98w5D7_qvKfKfxFEbqMw8-L4tnM-zLLburk1DcYQ
One Reason#NA1,wr1NHYp4qheWFHEgLXhNJIKCyUOKQMnXsof0G4KS6EJRui4
PiratesZ#NA1,70PcEcvPY-zWevn4Trsjm5DstcpEhmJoj02L5ZHOFMi__UU
Bradini#NA1,ChYZebB-tfM9Y96wGVcawdl_Lgr46QTmqf2TGhmyWL8VXxY
Simplenmm#NA1,Fk4vMg8jpKCpB_-kkg-3DADnSc2vEhyHXQvbdMnAMl1SsWA
Predator#TFT,2kDD8dt-ZDaR1Hk9-8V3m6mXyiApAIXDNnU3TyB7MkFCUMQ
calveen#tft,_c98qs5QPzwEpf8vCd55qGkAoyh5CtvCL29KbRr78GCxiI0
Connerisme#NA1,SuYOdm44jIEcSFgL6sBYwJJudFzx9jGeU6qLdI9n4Hflrjw
Movie#NA1,CnjR1gC6TLXR7lg6BpoIfj6iDPrZEo4-8BOvHh8-mfuBGq7j
sponcyy#NA1,rRr4J1mvnZ7UfEWxaxGEVNDyZejCEUmCDYYmlVf7MHEHnRo
Hanni Super Fan#NWJNS,erRXrjg3CrogusWN4nQLfrjeUPpNAv9vb8doiB-TfQ328W4
廁所在哪裡#11111,YK-rVa49_RjCt4GBHIPj_wnVl6194TT6l38QGk7yfyyzPXis
Rednex#NA1,fdkVK-q5snfjGtOsC8C-9_0XXTtWVn6TJupLMKLlgTEKqeEpF9x7zG5T8Q
Skolariss#スコラリス,jlb-bw2HNs1rCUyQyd3EXhsEj_-KFlfprma6cPVryGATFYQkaCMSr9l1AQ
Krumpus#NA1,tAfFlVTb6bqowFGOmgrSrh2zdzW46UIOlgLo1QNudjBo7Ko
Kurt Angle#PMD,FgoZh-CBxDGEiA8r0abguEC4FO7VjKUN5fbNCN9YXCDv6Cjsy9KoLR1-FA
Bruhbruhbruh WHO#NA1,a3g1RzUH-8de2ElHda-WepI9bzCz4D4AGpSueyldZGqnxLs6
Spearklez#LTG,qlDjHnTHk7AJW2I0e-AcIFhu3dsksmNf8Zep9ZB_s1WcOooa
pannyandrew#pan,1Aogyr13YT1TyU17rIeOrKO1FEZOguhyeVSEYHKZnbjhDnTt
Qpote#NA1,4L5hV8xiRXfk7wK9FZ-_pYKojY2LCMjz9THHU6Cy1EBNQVg
ache essay#NA1,kcRoHR_hvK2PpQAz7dYoOupcB_IGATfraQFAycsk6eTRW0c
NattyFru#NA1,0C9k2SZDmWIuZP65fiViCOlECPGeU3VjmircsaYYt_xGesA
catgorl#666,1BFVdF3Ob0S1p-H_Zn9BNZshKT5lqBuM5yI-u1ZAPJVBacA
zhunation#ZHU,2po30uogfNxaIQhlxtgQWBhVVxHysmsE3JIfZxViaE3hbKY
farland1339#NA1,JEuuXk9qW4gMcpEIt60nWTNl7O8QACfmwhBSHlLrsClQrBo
ChénnyBoy#NA1,FLqTa9xRm6Y0xQ310qfZ3mwyB5ncBaB0bSykkmmBUo2lWyg
Ichigo#NA1,tgUR-j2ZzRC870Irla1mqTwf_sFtqIbV1-1HJ_mHrUs
Flightzy#bot,4QB6RM4exogzvrBdrJ0QJomfVO0di3Drevb554lqSfJETNo
maliuwu9#1250,VpEv5ywVX7vjfu0QPijGiPS57iYf32mh70i058uEfXSXZUY
iStudyy#1075,WOSwV7v6AgPRw5b2hzqAxsXVvIBftCeS4hwfMZJNiS1HcUudT2r5Y_3_HA
lucky#3663,Su3Sh6Dz60-HW9XVBUud929YrClwqQxo7Y0kMbfJUpD3Ilg
PeaceSai#NA1,M1ftfpUR8V3M0qCiXiFMSxVPGg31dtL6AN-fQ_agB6-V1Y8
zHydration#NA1,7F2my6JSOcD7hTNmN5d6460YOUlgZCLaADATAxwotmAAASY
ccasely#NA1,TkrOPfj19s0zxpayFBaDolwSpQalS_N2TOqGYQSKTg07dYk
Guario#NA1,cI2Vji8wTKxS2wkd9f_Ymzb-k8CSiyM1RE-5YqnfnAjCEAU
5tunt#NA1,f77M_A1XGOM76B2vF0abHMdAMUe_6by4nQGk_ZuC55iya0w
PhoenixLXIX#NA1,uxFuD6L9wM_i_myLdzbmiXU7Uu4lwyt-nszdykROhSWlrsg3
TurtlezForSale#NA1,DoBtg_LbUwXkx2WMTC7_e2pldO4EsL1ORkDEfNMjOVwP7r8
Sshade#noob,wZhd461d2weUVVUP2LIoX5cZAtMV-iQjobXCITz-4v1m8wc
Franchise#Thee,3eINgFFR-RQBBgQhzPm7Rwlpri0VXXpqoCBBPyqa1KTMvhc
A5 Wagyu#4297,M_sSqU9X_wbwaloKu4mpruM65WWfIwyxhSH-c0sJVKI_vZc
shoma#INT1,5wxc_o4HRmckaviOlchG7ypQUa-MziYZ9b9BpFMvzrAV-JRg
cn丶werid#4452,_T7f8Hi62sKg3iSTw1zVSvyQh5uJgrxMubjYlRYn4sH86Tsri5dcRJ9wxw
baka25#NA1,r3QvDL7OiUHRnxvOpwBQKBfOIZ-P9CfMTFuPzcR0OERztzU
Casual#pdf,BOP0G4zoKlYPeadG1DB0m3wpfP-_CcTzVCLCtD8FHFpKonxM
Dufaux#NA1,Gnjk-u4oveou4Pl_v6qIvodBONqmfFzmE79SHEkT0ipwuCI
A Cute Cat IRL#NA1,3ZI3zIYMwUyOmTOEEQmR48Figtkd0yf1u1NkuqoU2dMg1uI
DOAdacha#wawa,2ucJZaR_1UqicojQPIDU1hDGZTo4dMR5YJssAPJyVbm7ICE
Cool Guy Dom#dom,tzxhbV9Yb51Jur1crh2-soWavryNF-VJRIMJOBJzSxD9V3I
ThisJX#NA1,USu_ub4ZKybzx3LQSpr2qA7Y54f5txg66p8_arwYj8Lf26A
XxX Wix XxX#NA1,3BhAkp2Pj868zzojL5uJesLugeW8l9t6SRo0K5QgtwK6sJic
Eunhyukie#Cee,3OXFsg5JcL6d3a2bmpx_liPOXIRZe_M-Br0dMTpURrHL1_mm
Cheneth#MEOW,RcntWnMlYb2Oe53tqzmpCkg-O76CgKuF9O7nA_Jy4Ojrqe0
Shine#NA3,0t8QjnkNOx3FNfZOjFjhol7-pVEZv8MZPwWFOddLw4Ce_uA
Sploke#NA1,ervIKaBmtQGwQWEhy42SP5uxKgQvIict08Tynb-NHXRy7SM
Darvinism#3389,yHyKhGnr4uq-4VJlvP3Qf7dLITTnxLGv2Z0JcTIbPHFApR4
BBG#CCJY9,YQwuT5qaGRzDOdvmAxEHGDSRccv7G3cFaD9KelzeL_0DJep9
Sirturtlelot#HUH,tG4FGQRaYpV9TBDP3yKMzE58UyFw5i74yqBDVfpIP2o_tlY
aricast#arc,N0ucIE261GV1f82-coWhwKv-3xlk5ynvwMjOXtLZXHI8CFA
theOnLy1z#NA1,QONCi-sWce-mfS6DODwWatgh8ogcqHj2gjZOaqKOgh79whA
CookiesOP#NA1,kCMBVqzyQEvKCLiGkwHPBfnICTHnDXTgkxvhjoi0uCQmhBw
CookiesOP#NA1,kCMBVqzyQEvKCLiGkwHPBfnICTHnDXTgkxvhjoi0uCQmhBw
NicNac19#6752,KVLIr31EhCKZQ1kKWDQGgfK5OWNpFEasJJPxYA07j1fZEEwl
SZK isjerboa#TOTT,K_zyEQuyQw6dhayRoDk8b27olsG_SLhlNoqqDwHkegV-Cb5B
Honkers#HONKK,Gf1Z3o5DaCByvfQFR0FPyNOmtGLgSHgvLZgztHqzYq_oK0c
ActualSocks#NA1,qgtUfdA1PeaDJv2qZ5t86M7YBCWd3rRE7UnqhPGE4jUGYgUomNHge3xujw
DrewbeeTV#TFT,D9g1jV_Xq4HRWmF-fB19Lkcpca97_sjH1BhMFKLYVbtjipo
Kachowski#ratio,hDjcalx_fWT1Puo8BN2VWeCDYD-jBOsvVthpo1kN6jKVnOQ
Hanneko#NA1,RjkgJrSQwSqGPExUAsuO_6nB35Ag55HfIya9iFe6Qs9YWbI
Oscat#dog,XZHDVCa-aNhjj0DBF4tBvS9_4XDLAJ915dSt35pbvqIDWa0
TrajanTheCruel#NA1,z9FDSjW0LIuuzXpMXYVludB4WfXU7wEbao_AGvV57xRezL8
Vancell#NA1,ecV_iPSTsSueKov5oKrHKHjBEMovBJwp77Elj5YgRDtGFv4
yibb#7693,Ik0911UsZNz2qcS_lJrWrXUh6JQOhf_jCAIUhdibMS1VBK-BerAhNTXrUQ
ToonCakez#NA1,5plL4lBi1ia8lJllO_V38h-zlhiZGI5oenR9tUOPPRy1Hp4
RalpherZ#NA1,-ka5UniZpX6_X37oEu6FvaJoRm7vBU2cJL0YraJljm2MVus
kai#00003,9o-B3jqP7Y7Pg4R0NEihi8dPl3ACjXzpuT7RcET3Qg2l42Q
M0Mboom#NA1,S3zh4ivLfmwUnwTiGPDpyGiRDA3ttoadzLBwYL-EpR5nmDk
dogdogdog#NA1,xJsBkfO92B8ALOnT7H203w7pKvxbxFXILajxtz2Vdg
jameson#jaja,e7zCv-a_soagBp1WbMUyDDYd9mRuB9qxdGezFW8uh90LRhk
Shadow x 17#NA1,AAVhextb8pafwmk6a74fPdh-PVUsGyKGQB2u91Ud2_U9QGw
Downpour#0002,CcAteK8OZ9aAFXWowaeGQSPH8jYaHAyYZ23MM8N_WwLtHG4
alpi#rckts,s7JFKKcqVJhXS7N3Q51ZkDhn5MSVXjChwCjzGY2UryqVNtw
Perplex#NA2,GLk-oRL_hmu_nIXQKBdG0bgpWo_C6HB9cE-3iWGY1Pvl2Rg
AdminK#8105,bChz6OXr2ZdqSY3qRkH40lJsaJKKhaENh9hIMwqc3N5Ul5oWM9Wgcoq3jA
Leeann#NA11,cWOlRZFTRWQke0PaNV8qCM8juGvI6B1iKrZJI9exsKWyIeiA
IPwnHao#NA1,OIjaMlroAZ3hwxx01oyRUYg58nsgB-riHucEaWhRs-oFXZU
ShallowZ#NA1,rUYLvyv_R4DBog4C5UhZaZ1ah4tr8Enl2XpqC570H3iR1FU
Absoleus#bonk,iM8aLsv_rnnVMd_uuaA-FRufgpoeRNcR9Aw3vG6UXBEhSb8
nL Matt#NA1,jI-4G5WbNasSi7ldqQoHrgMPnOsg9IIi-OfDxb2xDM7lgdM
Kayris#Kris,uTDRR3CDHgkR8lDd_MFcFufuzBIMHuG5lACbayAdgEz5SEo
Moose#HaH,rWcmhRYEXrWfYCM2a3_SZmzZuHUS3hvkwc9OX3sx5dxbB0E
swan swan#swan,WM8Ofj9b92sgorgY7tjmV8ug-jadyxOswaC3kBv7LFv0EnU
Rimsponches#NA1,4thzxRxN0Baf88nC2AWXgPY31iTNCjxeFmzmN4ZrHFfpfL8
shizuka#NA1,ut4fQooBN6LVJ7UMx32AdfnbywAA1jiwDFpCBCu3C9GlPng
DXN#OwO,Q0ZDD3QSAEA8NV52TbAiByTv960cva7Gjt7slIG45XKDUcQ
Ala#NA1,DGRZEkICPyG1TcPdiHABWIZ4Kuh5OfJRYvytW9DRHzVXz7E
Bỉ Ngạn Trắng#sonbe,_hSdydQc2A1bnEQarVAzBLQH5GFU0-pi9g9eFkGceNlOQxY
OneLifeLeft#0003,5wX1NVbfpCvue78lCWDcR9dJ-T5ezvIbrXsj_cjHNN2KYiU
ILoveFnaf#1995,DRWrqEdsWfe_yRD5I2p__4sqJXke0DgSlgvUf9CfVbFWdJY
PunnyTFT#yyc,LUBVaoA50u8w4y_bece0usqCA3bGaUeMpBhfEiscmQt4MbQ
MarioKartPlayer5#MKW,KgzlXGt2LmKOqCMpmE1ZXE6JFrk3ec2bRHy-ku8iSLnAxHY
billycancarry1#NA1,ZPRhQS0yzsQbWWNniz__cffhqrrZTXz9IO9BQBI-X1PA7chshY8mUPDZkA
Strategies#NA1,aRsCA6gdoAKJoGuoDsOM_4lisBiEUVEWmI2X87BijX00BLI
Ryosh#NA1,w_qa3Muns9Jw3QqXREKDGwhhfWx0MbPTOPEDk0A8MHHUF7s
wah#8174,V6fR7coIcS0gpWC4Yn08pnl7EQPFq3HEpvABPTy9yG1f9nKGIttbxR1u6g
Astana#NA1,EcLLxR2CHgvSBC-blFAcFBBjMbhLCXz6IcnugpwHdGyvHc4
Papa Nor#0000,HV2nvJmUAL2j2NPAQSkWCahPLZNmVwzALeBaR0p6x0UjeaKy
IDxmo#NA1,r6IwanXOkjww8FRF-kSTyrT_6qTXv5OtA3Si-uOMs6udcxY
Tettles#NA1,mTAv7ek6tN5kxtA6F4kxuxntanYQ0ecPAXiYTBP9ZaOv15U
Escom#NA1,aUgzNc9u6YPROvBTbDsR2S_wCbQ9DNRaWSwLbwGzL2WvjE1m
metamagic#5203,2IWhvFiseQkb7Ya3wAEOTI0urFOtnX1frfT1xJaBAanzoV8
Koyles#NA1,zMYgxLQ7SxEW2pEWjVbCqGeBnAWQNpD3Un7MKHDtEp1bEsE
Usualtrash#NA1,7-03O1XaF5jqGkSRjVE9Q4n3k9KegpWoG9IyUS84HW-1ZFA
Ramenblitz#SCTFT,wHP7anHhCy2QTX-epZp7iTqN4zYqv2JN4Sr4b5iRdCqALxA
Diejoubu#XDD,p3rWyH6KYDmjEDrNFwi56i2-4CkVtdfcitAkRIRwr3L21ogd
Buggawolf#Bugga,G2k6KxKFfpEcMTZu6V1q6YxsHGLQFlNJb56Yr-NFPsYNWXU
Bright#TFT,ejDnlHfXQ782pQ-kgBVeybbkEwHwMK-2q_sOp8Sz-Wytp84
