Player Name,Player Puuid
setsuko1#NA1,8RQjWWUk9V6EHIrr4xzayvfRsm6hX5AssZ4ABcZsfsl8P_m2uT-ksfhFX1lGReXPW8-KNgJiFGNP7w
Dishsoap#NA2,GP2Pb5ATn0Z5HzMwDP9R58_WYkAODarf9NCsEY6r7iVHtlWeTVvzVgcm8b7OkCdPfUwnfViYtW6adg
TORONTOTOKYO#NA1,1CDFyX-vjQaj0Xov1VAjS03Df5YZWG2ojmF8yONVfeFjpoySq1HDuo-ZgjENe_HimGrRgDzliNJkEQ
SpencerTFT#TFT,-Ea3NePXjioitXSDfIRZR-lb95p-bkl_3KtKQJqQhugkcnqrCCvirHANNE9cb2eNWWolUPmHMYAffA
grea#melt,ZziBJVL-fKgNQqnnirwHIAS_1TtMvStsbd-m8MFPzmTfRHyG0ku0eq-drOpstA3Hyz8dnPvlpDYyZg
Phoenixaa#159,9nVllVrvVvCi-u6FBxab-sLjrEWIE4h7tPO3VS2U1qoHilzymrb9qNLySiV8DTIK0Td2dCDhjFrCzQ
prestivent#NA2,soKwDge1t-EDB2QWkkdgSCJuTReInkpsNshLE8lQf8eMgkQVc25SYfT0oFllDgI1bVVGRbFIoJcOdw
wilf#011,IKxW-s4Lr6rbT87ne4TNfJDeHk3_TWsOp8k9b-bdHDi-mayPHr3aXS_owE7EykZXVDP4C_OUY5bJqA
DQA#88888,_w6SiYsgH_DLXeHMY87QiiouwhAtWjrRjUAEASfSUucSKWG_euA9tqHpkVcF6iTFpM3uZVdjupywpg
Aesah#NA1,XM4HWtWyEgMdqBENZL5625T4bZKm3tpcwGWeKZ40p4HQ4KaqsaOa2i0RHjMN1mQaQbXMMMW1ftHnVA
mogumoguyummy#Pocky,_HcoETT2GoABYlRTnzMIQytVmqNqr67PjUkhVuvwTSgHIRQMHEMvpCuya1itDR-Rbrq8Lxy3LIKFYA
robinsongz#888,wZZqRxqRkmMAv0no6aUnIdM-hpix6z8jFbNHG_lqOc3toDkTm3twES39JxDMFHHM4tl_zUmIdgSnYQ
Brucelolll#NA1,Qr5dPZy1-5MPJSbey_YREMKHpgkWgy2EWXF2Ou_lAc4D9RTOtbaJMDJXhvjeRvwgm_57VJqrxXaNzg
TG Upsetmax#NA1,dPa5VmcC_un6GvR7bu-sr1ihSFHjujQFjewhjC4vbXSbnYJ3JRA7Xn1waeNtdeo_cbqMupXmDjpdVA
Mismatched Socks#NA2,dQeCIQALoQdp4FbnwKGPVTSHzwf775WI1CQFXjMAd4nW4cYoFnz2old9tVQQa_llbubF203k9OdysQ
tleyds#NA1,W9yKaHl-pStNoC_0q_uBkh6gcKNbn86AdSkxoMh4rZBWBTdSeB-g3EKi8qdX0IU0xItdz8YfkD9nVQ
Kurumx#LQD,QQD8AT6Nzbhjizn6RubOxrIwbMm1emoJNfjEL8LDBVLkL_NxhLZ7xcSpmuukJld-wcvJ99qvk3QV2w
Darth Nub#NA1,dYdcqbKRcLGRsM1Q0HYskgrQ-5L4DtPmMs4FEbTl1wQye5uMDirD85OpGSrJoA0M8UtGJYn8yY7UWA
Cambulee#NA1,d5hfQ2YNpvC3kjzfhyPq-VvMytdUAxe_TEnqgYvHoswLHdfQjFiJAA5FSvWXXE00C40e6k3_vC1znA
DavidAs#TFTQC,-W827EVhgBI6jzCVNiaOwqzKziV1c8aQCCnqhlvHMoI8G3Nq59VGl8ONlj6h0V3lBxuOKrPpJl_pzQ
k3soju1#NA1,q2LOqO3oPFp37aO-HZJEvksUI5WWFC0WO3zotu49ZoPhwC4NyOrdOHdQQ9LhVTxXjXXNT9SjQV9C6A
bossoskills#NA1,ls9Fxntu2ETC8ddri3Qe0AxKZFKcEsnO4lv7q1pGOtMmge0ZwEqVFh1LLorHZGbumVxbLPEIvwKodQ
guubums#1874,vRm3-R5GKenChEnTk9CIYoRobQ308tCL94f78QWVhSQ8fLLdRQCcWgVw2v0XDt9nW3fRmMPTG_unhA
plumbum#NA1,7TIdNUQEGytD9IdmGzw296WXPVyW7rJWK89hAByRHVepdJz_la4pOU00GhNiqNC4MJxlxPEGKN0jbg
wasianiverson#NA2,_ZwLnot9khs-w3X4hmKYhcsUa3tKmyQGSfA6n2xnCtGu1GyxZCYcZAnaUaj6KHf4-C4hiQ4iF-V3OA
Kyivix#NA1,WkiiiJhgal4xBQBQMrjV-QHm9EDf-rLyDpdYySHuNAvM8kTG1temmXkV4Qu_3Ks90d53LNUEsHsaCA
Nik#0283,xWxR5rPq8kpqDoS_bsGYSBsUfXoGGz9hAAAr0jFKjKHZh07iggS79eAfL_u297PQjOuk2nwtyArYUQ
Milk Guy#NA1,JpGXDEyRGjmhNQRsRfeL2y66lFT4UcS63UFcvlDxoyzgTjPyJHTOGrAZH8tuNGNaVQq4Bi77SsFSTA
Lab 004 Rain#Boba,pkUwydpmSRIKVRRXWUQNpY9I4nSjKSh9NSAoa2VUrrZTfwx-c0PQULGOQYezppy15yqJ6KkTVlwGWg
Appies#Spicy,NhMWeZkPgMmQyUfA6eFl2xQjkGl4AFuHTl2S_0OAD7sNOs2V5YA9K6Cyw0AJhnLZy6fGIjZNPDcjeg
imriveting#NA1,ZbUvQqtVcOm1ogWf8H1QtsIyu1I7Q-O7yWzcYg2IJH0oJ0kUmZFno6T2apUzhmQ_YU1IzjnTd3PabQ
milala#milal,Vqi_0ZEGe5PSQRZb3XeBr9G9sFjblksLktzQSLWsKxF5U-64zpmpF2paVsDP3lx_6MN_aObijgVFsA
QualityHooker#NA1,yn68lUSEA1Rxb0iOiVLAqaTgOFdSOBD1tEd3l8oIyOAgqFgWG5qbcWrevCRAN3YZrr-EUd4D-KUnNQ
Filup#NA1,ujkNFu205L-KIMnnZXzapFgNuXoJ6KQMFfIDGb2FqOOOvNLBKhkAspLN6d9xO7JlLoLDmQCSNyZLpQ
Xbmots#111,snnSYqZdF0cvrY3_P8a-N2DX1ea5PPuroaM3njM0gQh6WsOk0FtG-ITVpB-uq2poSMzWiLighw7o7w
Roontonzorg#NA1,_F8-tuTz8ZkslZkMBvV79jCafBbKOOsDxHhZLiamlc-HamdYqHAfqHQw1dcx1UmQENIn1D4_t-Mc2w
Kaiweng#NA1,j3YYSUPpWg9nP08kFx87SRzMG7XLOqsSqGKHEMeIc_K1xSzHv9Lcbwt_Ts8O_jRKlrv42RE16xz8sA
me1stor8th#518,UStxyAcLuUSEbTk2Pv8MeO_ON-sBr-bGDFQMak0qxbl4baZ6mEZzE3m94fzVfRyxuCUAt8CcKmH0BQ
Marcel P#2982,EQXqWIBumWxYleIOjntvlT4D13mmm8F6ZhDWpQ-LycbsS0-W4S18eRHOt-0plF-WyFGpNJJoUbTRiQ
Protect Scroll#NA1,tpYHuhDHgrjinSWm7H1jrKrwdZqaLr0Ze_Wd6rEFSA89O__4VQSWzl1uBx_e5Na7iXlDBF5exKnffw
Triple8s#NA1,D6tuRojfn00j8w7UY81clQMCP9aqPtY7rwvDn6DfrzKjC6cJY_jyPTowCR23AXBemh4KqOPS30pN4A
Lab 003 Broseph#NA1,PPG5FloCHivRlitCDrnnd265mcbXw7r6ErkfSm4_sUATkMslYw-xMdt0Uraf7Ta78sPINIGIz60YFQ
bopster#NA1,wOb6rK-8RZXijrn2o6UIkddE0RrWSTO39nf4XAWHCiSTYnPDLydMf17ER5yhi3vcLrv_Pt3RRYaWWQ
GM Blue#NA1,5WBQ_xh0-wRHm6BPTPC7X-AT2b15hNQ929ZZQ9P2aUPuQQ9IrDQ61Tl8SD6vShO_19u0I05K9vKySg
Kirikaya#1414,BsfQl9cAgtUuUQham5Isf8XXz6RnSxOro853bbcwYrxV-gMuwqK1wMl3gqLbPwc4gA2Bp5X8X24K7w
RamKev#NA1,v1WX2uzRL4y9HvrkvFLwXZHqCXT_3TXoMSWrzWXQJ_TlcnY11lUt8oD5n404hItNQf9WdtkdhFMH4Q
bertasaurus#NA1,Lud07uZ_6C1LQrUJWFjkAFOQi6IkHlKfXq6LWgx0UH1tpwP9VbPiastVNVaHT2vJPfbpixximSuvMw
Stellar Minhee#wasdq,AfNOMKkZ_a7bwVXKHZVSa5iFICW8mmS-ZX_oHXSquupkiRU6Vf3jRLYpEBJoQ8dNhXodMrTcw7rp5w
casparwu#NA1,3-q1mf1VZRfrS_PjF2z97Fehlz2_959JZSj4SYHHw3oJ1wm10Pmdr7xkxg3JSMkNJRLBX6c-dL3n2w
ReynzeR#NA1,WSBpBz55UOvHmfe8bbqy1ekZHlhTR1SoD0CfLDPUwCL29UyBWel7VNyyxQoItxSnKAxwoa9hSbRtww
Souless#001,hCxwV_MPZhqb-Ejr9AT9hkxrqALPEKSNRVb9cugLIWYy4pBqM367bsVvYE7pjBrfzqLvuQR4r707Sg
emilyywang#1111,UjCdRO_P-XdXSE_QZw6C7tJmahqcWTazaQ-hiwNhJsOCt653fJaPGucUkyGcyGKyhaUslLR-jsoVrg
Pawnup#NA1,AapBjGzMGUTS71F8hQR0IzBjL5acaSe--26v5i15GKvS5uVmQQ9S0yrOWcS1Lir7NgDu_B7GN6g1iQ
bandit#tft,p30KvJY0Sp_T1jQCR4ioWuqxhNoQ_t3tMRXM-BgfJjBV1IV0F4TWJM2KxZ_rrv4pLC-BplLyzrQ4JA
Geehess#NA1,eFRYicN-W9L3bAMql2lpox1yOOTw_XFiP70Qlb4pi0kghMljfsDEpdJxq3Nur6rjywd52l6tXX_SUQ
Lab 027 Sehnbon#LAB,ODozclKiVMBB3sLoI7_yaTTzB7SzCPSacBoanwJs1EEe4A4vyaiKiS9d9ZA4QvnSt_E0hsrQEqQy-w
xLilliaHoofPicsx#EEP,do-7Knmer1ZVglcnC8YN4n-OuFjCSfm3ShmffKaN5avnQxw5h2Syx8HyGnesZD7jg76UBooIIKy4uQ
Liquid Rereplay#NA1,f9ZHL9BfTR1drXBLT9wHsSYmpbuxKJ9I1ljnDFHBTWJpQJIHVUR1Xa8Wkci4li2xxza5YhkiG3ZeGA
Núge#NA1,aL7wboWGK2EVfndN8JT2DK7wHvW75qD1doETBpGu3i_7F0VkVhD4Yo9Rdz7fypjCB90spZe2yYAVvw
Spethom#NA1,SftEPEVillex4R4eQlbCsMfIm0T95cF3QCdxE5oyrff9G2Gj6InZAlI2i4ZsQWIpLSbJxPArYbq_Gw
Lab 000 DK#LAB,0kDuK86PBkhiAgamYZxUfwgzhpdIzULDatxjMkg3dBHYHqOjEkmK8epjD0_q519MrrP0HVVp0HKxFQ
Hi Im Ted#NA2,e6UsUudn1p6yOQeCCS9EabQrUVuvgBiay_fZQKv7cOi0yxFT9oZXfiGW6tMahDD3esXZweFp-rB3eg
Lab 005 Kayndrew#NA1,YtqBv1VMZr_kktePrhJYC5tbf5b9IODSpnunImWhAlbR2vGOzD3HzPJhSDaoWHQiaBjdrts4KX-08A
MEYOU#1010,pCNlorlmU9GxE1rPDfutpRTq74XZ690QcosRV_8dqxDJSHhMjjm0_bBlz37R9dl00Xiox9tUtcPxlQ
dankmemes01#horse,A7Hmpd5CPE2cbJU7adnMfO0PBeA5ySeYdl5GoaJTx-fu4eEIbBip9Q3UAQ8GGurqGEhg1W0HFJEgfg
sad kings fan#NA1,pYe1yFJDSyXalpFhjs4jlLylQ7SGY39WPT0bM4hE29EZetnIDitaGlNXueuukshtgvek3RZwsa1ngQ
Syrian#NA2,Yv5PAOfCX0VfiaYw66HrkcVIDYwHqYjNt-ENKhOSZN3nn1nnJRMGf8gNJaCEF5ebBGDBl0n0NSX6Rw
BlakeAustin#NA1,3cekLBbAA0nbNWVH88bxInfDisnrEOpYIWWx_RHzr3-fWM2KTAIHiN1nkYZThae7RCJm1z_T1XHx6g
Lab 010 Barney#NA1,vo8QDctNO5nam3x5j1LZHApUNIbiCg_rGYqdEkMQKgeF61F8cqYfw1_p7chk5tLx_lPM9JN1aIi5-g
ChungMoney#1212,aZz9lQuOBRBALS07pAAUSMbKs4uFbtU-yMKrV5YFhJHTLue53a9hOG54SP1n2DNpMOuP-mBLXY7QFw
Kiyoon#KEKW,G9xYgLY4Of2RkBzI_ZGuLR3GDxdTLEgOCUm-8R-tqVTVSDaHNr8Xs9gCAWsEkpr4schgvPS51T3lMw
Hurten Smile#Dread,UI2Qpmky8smPNp73fFhualzDHzGd1dmf9Q-XeIjr_VNzUOx1QuMPrY0Chm266XGK1T5BNvi8GFYfIg
PlFF#NA1,vqFtNBzBHpvV_b62UrameNBOO9MXNp2881eBVWtLIQV15XSuk1b2CewFjFsj_zwxhgEL7BMPq77DIw
Ramblinnn#0001,6x9qEUgYCHa_NvcTVUKlGDRswzwizgrSADvp1uSiTo59vhebdEU3ooyeP0TCseab35ExDaSmigkYlw
Knakrack#Knak,I9syFN0TKmVoGmWtNf9V7W1HvOG3HLvFlEEx-bOp0Df_hmEMPh-wBIYYu5GYciuLq36VqUApu9_lSA
Chengo#NA1,CwEF6ZZw3DyEBYw9XO_m-V6Nsz2hGJw68edgRZTpoD58hIjefzldpzNwt_cwcC8z8DxxavPSXIJj8w
Kole#Seoul,sJtjSerbdvibUuUsQeVCD4VW3hntUb7psxuUW1WEelq-wKhxUcW3IlSyZzlgOFJmLbuyoEwFU7sUYA
Liquid SV#NA1,UtkdGphnPyJDAWmUM2n2ueQwyZ-6r3HVFnW9ANpIX7hxaKkfZDI_7ICdmJ2_MB-2Wo3HtxGn_V3M0g
Carelessd#ddd,FUfYfstI1NO7aEGNDXAUhHMHmFSyXPIFiCXWksTLgua9W70Um9886R-o9CVXSDDuYYqBO9auCqdhFw
seihunkim#0203,yvwvwXo_mHIigreFC2Yo45_w13ko6NmVf62fiV6mUpAmKS9nurHbJ8g6Sd0QdqiRnDmCWaLiQUrQdA
ewwic#NA1,5OmmKBjqhxK2TdsY7WJ1TNWatGCY0mrUSct5wK_WdP7c4LzoQQy2IExuPjqkF12_UEEU28m5RxukqQ
Neonify#NA1,WlRoxtrpgYK6PTq6zV-SMFqXK7oSi5keLtMWj47G4cWVGBB3ZWtxjkIr6kXIBQdJcMO2CIoxt7w53A
Weklet#9509,vDKAuNbEkr1p2QlTPtAHdfn4vagd0z2O4BkKRq0iamfnEvh8nXCMhX3LH6tVb1erIr5qPUsdLJ43Rg
superflamezz#NA1,9j2owidWqLcrtu1STdVer_TYx6Zahr2IEIK1Xcsz70KCrHMJO9hohx-nWP03uDYSNVR3phanTyro_g
Mean Mister Kien#NA1,LrL5754Et_Gc4AsiIb263wFIWXFQ5cwoHflROGplSpOcHtEa0gtVhoV9RyW6VygWjdmGAQKbJm6oTw
Matty T Ice#NA1,v3mgk4djsDv0b6djXI29Fv58AlI9zk2VxpP7NtkaQScKjJsbYUWg4C3G-YvET0OfIWwdU_Y2nlXDQw
Tropical#xdd,4tr4740kG6MTNMLa8ywBDsBIWCoIZqcgDBjXEdOfo3p4q-OpYvbyhWBgsjQLizkfjBXzotxMxULUjw
Ozymandias#9032,nTUORtQVarJQHRHZ0umDOl72kHWW8YDOxxgsgfdCwCvf24-WL6f6ISKheomioCckgn7DL4zVxic72g
gravyBoop#NA1,cQBAtSo93MnrahkUaPyTIVn9ADkUNIJIG2RSWGRFL00xBejgv5UBCf6urhWgcVKDE8mb0Z3oq3N2-Q
Shuckhax123#NA1,jKgahoguWuf_jn25eQc_glopqycbhStSSsLo8jpeBsFwyf49BaXpyLZlPJVPdR9nlcXp896tNxz8NA
JukeYou#NA1,GLmrfMJdaMs6W8muBwbLielMgOYWfNBJGAIrlW5UtpwdsEaAGDt9W206C4VLjaQkZUWT0upnulqJiw
Kindlegem#NA1,nlUW0ctBZfDLGOrwqWdK4PGFUcbNx8EKgWBQivyLkbHELv473auQCazCDpNSiJGiNWsDngmjU7DLDg
Camysauce#8285,P_NF9AlUm2OHzKaw6M7sVCEW_RQCrG1JCQEuODTTKdPOHO8Fm2LkOuIRf3Oa9zeQ4czF5CjF8Q8LlQ
boomiboom#boomi,u537XlL0S2UhclgYv3xnd1Cz3eZpNAt6M8XZC3g8DFmFUuqOKF3D-JaKliPU1LVavupn-sMuQplxNA
invecTiv#NA1,nFUuDjK_9zR9ouevQduJbCPOOC6qu5h0wAEv-mp1U4r9hL0Hc2NqsA6nOaVJsRoGukRZFxu83pZRKA
yojicho#JJHC,Kfe9utMgiKKuENyWgwNqNFmGzPwPNsULdIjONO-mY15jaMMfm7dgw8Kvl3N_G61c3UPDs8A1bPVppg
xiao dian dian#xdd,maMcMbG-asLxKVqKUUFTLqoAOfEGffSocyQELGpBHUcOGDrc9iMkYI9fiAXUJNHHr0Os0iBtq6aoSA
Lab 018 biribiri#LAB,ba8wU6WzUaD0TO4BKy75FNYplSGMgF2rjEcTZdDHQanF1nB-WqOf0wXBgDKnERAhK-60sP_IN87Bew
harrison#00000,CeiItLayweHw9UM6Z4RYpJY2MPN43SAmTUmus0aTAcyeVqKkno9IAu7UIz1mw9X3bu3Jj36ASBUT1g
Sunny#TFT,4tW0SUcTQa-BCu6Yc0oqs47GIPZ6ZWGUDEV7S8JjtemlRTBOq_uANtkPbicA44PjNqxTNsG64kloyg
JACOB ELORDI FAN#j4c0b,CmzLvp8Oa-7c8z0h8m5frbonM_ILYWKZtrzZhUUKv2O7-NhqBVrzeyw12oDv2JBkB77CXZGsnxKyiA
robivankenob#NA1,FmannHdHrTsEetwxyqXt1EwXG1PwLgOa-_71l4zSCEdocD36LaXj09xyfKMtWObHJ7M8F92XF9nEtQ
ms gwen#llama,2zL0N30pAYsLeVTp6tDnp6VQKhSmDLtg9wK5RLWAU5d9o6EwAg1kC9ZK3p4Jn4fvTz-MYpLssb47cw
rudyr#NA1,djXcC__AMkLmHt2F3bFHpaOXZV3-dPq7n3xTRbi3wm2FHd2RO_nC0j5s4n7lC8VnHIzEXtIMSjHjhw
skinnyuglybaby#NA1,Gn7_MLKrbvsxFOxBHw9nBCW4omJX3ZMYEPb03piuNljbGe_EUFXlarxMaQplRrNR7TsWueaxXK_uXw
Sully#6242,yLNsBtqrqEXVYij8ci1DM74ViBxi3vWTtZ79Y7fbou00WRB9xYrnCKB55tzG5PYONL5mGh8hmHD3IQ
one autuumn leaf#blank,5KZStd9CNUcIiEwsDEKIxv4nSduMdToqxUm-9LGptIMoSA1Ac_rcn7J8g_xmIfkROFHuTSnzCdcsVg
horim#NA1,bP9eSHpQzotZim7AivZCt1D2JSbGeHaQCJi5T1icwYGLZv7tdwq0x73gIHLBcHoj9smb6QjpZz4T8g
Moechi#dpr,Y2MOqwy14g7Pb36xtggMXEUbcpgj55qqYF4hvmHVYY7nKAjRmmBsXI2krzhseT60mabAz8Xvoolc4w
TheMagykal#NA1,pmWdOWsN97i7FJlZGftv4sJTTXF4Jd72XpTthQFSZQrdt36w941ByQ_wPJyvY-F0VTssBula3d5Vxw
keans#NA1,GxvukolMGjP-eSeWpki5AJEBYnUhiI31p_PcUJCuzYu9mzEnFZyp3fbC3qyjuvt2Eu29a4LVr9G2tg
Wong#HELLO,uDhEQ79lv25h1w3KOdswB_uHEjjYrb2qgEBq35hjUKXgpJBRU2ilnwQYuX96C3UyB9zLIG-OC65C5Q
Lrwinnn#NA1,oVqtOijq9bVP23pd7qG9S_pd_ceqH7X0ysPpcVerkJFUcWI8dxg3096pZSzGQ1mZEqbJSPa-Ei3qLw
DonkeyRoller#1212,UvoD5BPz2nuwybRNZW7VBHB81KL7NyqDRScUl_AK8Ki0yrXLMRcldVwuMHzQ3UnCKSAQpmmAse3e5g
Groxie#NA1,fWAiQcQt1n46SbJlNSsXlMZ6EnqdLh07pVy_NArpYQ6yMPFTCCXN6_1Q0Atc2f9JMxN1pZ8-aqGE-w
tbone#747,laVJQBITVeeO3OLJRXaVtL7kQ2VFWn2SeF0C0k5_lhibatRnj-ArJC6K7hSEWODDaaPEBq9CAbXuKg
Pr1vateisPenguin#NA1,y4RFugQ1Vj9nHpnKaij4rUoGjDAu8BU-E-4ckEiaDGzs6VoMcWEljutKPJjaG33Ea-GuFB0GyhdYyw
kpk618#NA1,uz4LK9iMf02St2589Catnj3AB3SvpuCSTTffvO1k0tTinpByDuHWoau6kCr6uut8XsotIh0ssG5pWg
JesusTeemo#NA1,3d-U6FwsNz6rmA_fdMu8M4Lf2N9zlDZU13Rmkho2LeGwy7A9kXY4b2OWYLWI6XFT23x9QX3dX1tJcQ
yawn#lyssa,XEuOGOnQOJpxEh2nH23vMWG8j0GIHbgl-X7IzjOB15TO-GLz03pFQKfypRzrmRfPogVCxLV9YsErkw
TACOBELL WlFl#NA1,lpfXCbRdRPO7vQOuZTKxe8NUZdZjmAyDdPtdl-pNCqEy_xWm9keWO95i8zwLmpK__2sSJ8pk_fpd8g
ning#poke,IAu8g5HqiyaDXdqeqeXhzWsPikmLC5lPIPmBmOq2ukp26T7tg3L8h2jMQfpq4eilUOibLC5O5_vYPA
Nostereleven#NA1,EMGARemu6MfP5isxULYXGuR3C_1zTaw_DUtX6VHPKQdE3dqgx5NDcLEJ1KIURlD0ZHltS7A_z_XGBg
Sir Noots#EGirl,z-sz7HprvlSxkQ8jaUj0EyP0CIATLXJSo7ku4ozz_XmJG4JUBJe-R4fOspTDsPoE-39gSPNVCrPPrw
Dino0228#NA1,b3QJx3paVNwOAFrdRXtiqmeC71gJG7ZXzTDsBzQB5_zzqCq9HUFrVsCfd0N3-uEQTdIWGpUA5tKi_g
Willia#Will,fBJx1iSIRrY3YMkrIcOUgY8uEMGkbDQl1Tbc3t8i4ZBuMH5H1QL8oCMt1qKuDZF1kZff-sqP-6LhSg
Yoohoo#6969,RMcPLRA9l1SdnTxcziRYnBZ6T3BHv5Gk2KDFWjBPLxnD_g0H1ZwJeYNnsu2J3cj6rssa40_etF3BBg
silencer142#NA1,fc0CQ17ESMLCmo8Dhegqpk8mQcIOdEmqvNXJnQZ95reO0gkcLj3nYyMGBSlroRp1zIowPC-r1HDKpQ
Shabby#NA1,kShlI1M8u--aKjWTb_Emc1446JwgGAsGuPEt_NjdoVAIO1WkyQn7NhC1tlp2aWnJnY2hnZGAwIXhzg
LadderSlayer#NA1,QLlt7oZs9HvIjsn9osqMDSc8x4OkHXSDF2N59DBFuNKWcwmre8nH4sH9iie3WAmSzMuLze1cuywRDA
DSG Toast#1337,IFQX_lS-JKSUWsTJnPa49qmzfsDXeBFLZn2O906iZUlRunb6HPTvbjFBpj9C57a7bgDmUpECKn4rLw
Post Up#shot,C3RIZj1cKZ1le5np0ZwXcwYWhuUNaU59o3jy3jU2Ry4x3RdUVTchczA7NRWHccfyOqeQnhElWU--Dg
Zurk#DLC,x11oCG_IaFegyqqn4j56YTj7rwWwgiQEuGddnY7k5cv1H9TPvb3rupdnVJ138qtVkXGnKo228PXWPg
I Take Drugs#lmao,fBSmHFQbnxtHYUuPUKyNoALndo_cwFSasloXfIaEQQWxvnuteazSkCSU-SI7BlN_dMOZcLRk0GaRaQ
Quality Teammate#4878,v8aBa3al9YQ6hrXZEhsg-xzZiXhTWf66R7R7D6uf0M0z_OZavvAI3LWUvkjnuQ3KA29N2UltSP-4Pw
Learning TFT#NA1,xDRmAWAJR5eW0ZNvi7iNqPqh1_W30YhyIWn4SHDvy55Nkk4DVAQceDZKP3IJReKCRXk0TJDC1aYobg
Eo Soo#eosoo,0kyIk9wg6JchHwGrq8EXF8j1YW0s6NQPvi4rv1A_cexQB4ju9QEoTBeB6fIQo9jvQ8qrb_o1n4BIng
Millennium Fox#TFT1,irV8GNiIq8YETz_F6oIFAotPP3fIiVP6de9kWlmkTQbzWZKuXPifm1eTN_vIqQNBDLW-SvCYzGC5lQ
OneButtonHero#NA1,pOAV_9aRNardWHYGk5MtmEmKlzQ08l2CuTnoBJWadVFJjYhyKJxFFDw6dOBz-1mXUU1dnedttSbYRw
dink my oiter#000,CWIFZKPrUMoFNHFfzUVjjvFbDDQy3Bt4JqYi3EEXhX3Ju0wDQ9TM8SvTVPhAn_u_50wz5bggQ12K1w
Lab 002 Dinodan#LAB,t1hYhMPGhPS67bgKxxnoItYrEGIcXiG65jupeYMMrE5NWoDLGmo4T7uBxm7QQvYa5ab8KPG0voX_TA
Labl3r#NA1,veXrWitBbf2bFDE8Xo-zx0ftdg_putClVo0BnqYKwv4r-7neLGyW1g695HOV4yajKUTnDRrUD5QQeA
chillmet#000,_11f6ZQxZcJT8FRDSMBNc1fTP76m7y2gWuYGDWn5Gzza9ExuHpAarobuSgztDHGNm3m7KyAY0PqmoA
Lab039erinkuma#erm,RgvwQYrwbOWCduxKouP6HkbyopOfK39g33if9hAJDRmttxnyuqWDtTu-KGbydvKYvKuY1MK9NdtwRA
New Learning TFT#NA1,IV88YAWhpD7Y64KaNJGivd1sF0OnYEcxkyDI53DO4RcxGS_6M4FmDdGuPXDuP4bSFIkjiXkotrJaXg
53414D#5955,qSoZwuXv25jLVitL1zmeEfgAnzhPIqmcQpexnukUXzY-OcWho0Pg1d44YFBhm9xN9jePqIAKWVij9Q
yoni#7601,a6iLSa2t7lvEvl4iIFjICVlcKzMOznesIDbVS5N-hglAditJcONAvBB3fmC1A5DsAXyI56NW7FDL2A
marmle#marm,TsCILncfRtN7KV_ZWoP5i1DLhTbP0LVeCPjrwTmwU4ZQFF0kmo97xk88uNz9loWSYjVH82anwmBSNg
doge#stew,dHaFiOSl3zCpWXpC27VGHli9oCjFKww2J9JVB-176dHAwPCPPs9T2lbj7-WPqHV2kIBqD_vvvW6Hiw
natural 8#NA2,GItLf9D7rItiRLgVdZCdPB9aR0xKyrOvM8tQYEfeP0xhuw5urcUdCpabfEUYgMeiWOh6jpjKgAT1aw
Taco#4FUN,X7e28XtgMPn7WElpfEpqiDIM4gBWpXgXM41vX1wleI_aIPTs-7o52HDhxxoUU-msUQb_jsfMOA3lAA
Lab 008 V1L3#NA1,TYCgQttpZ3tiqnwzaU9h20x8wSdA8EN7q3jJjVkE2EE_7n0DBNxUYVFxifzn9D0OcjsQBAK5ENDilQ
Lazuli#0000,vUoj-zKjefcGgeGBaXjlOHbpwCjfU-6a8_04ackCJSRaeA677fJCCrh2uxlsXNikI9T9eJga6Ckt_A
akali#0002,HoVfWgvpB1Qgs7wVZAxeV5X3H1Q0e4tTfY-cI0eRejweOE19HVg-eWv-CJNPD5KycLzFFHEVrzU09w
Subzeroark#NA1,tWc4AX-h3Z01WYoCGP6EeLrssj2GBoqsr_YK9xjX-b-Zt9qwVmWet2HEyo3FfE6TocQUGhKC5KwLDw
Tomix#00000,MDhDiS1KfQpuOLEGrYjiiCNnNUO-silbQYueAxkM9YxPXFvyR60rhyEeaPRYzVUHGb_pFpQqtF-gWg
Ashayuni#lives,jNq21BAmeZHN1Z2wuvsw1U6cqIsTReSw6y0tipIVTVmmCIyWS8llC71ejINmUFKlBcbO_ZRaTFzEIw
Chikapu#7755,FM1VBoM6hEjovn4quYEZLn805Og_F51XUfdzYLRWMU6Xe06HOVFE0Plu5bBZ567wUCqqljJKDCEelw
TSphere#NA1,ncj-d1UFbpkgE2HLRu-Uge30GmpaLrXvn9GoUGFyLPP8WEDSPX9b-IontSAfElEM5lrYFq1PmZUZnA
Lab 001 Maki#LAB,CsgxlOcJwY43ffme1QX_ehjmhSFwoGEeIXG_XpeUvYNkz2u0P12MbMUBfUFm1G_079TKKtLzW0KU4g
chicken#4106,y_Bv-qfNyAaGms4GsjVoPtxIeezjDGYowE0EH1vvE1VdiD3MMeL453BbjeArptpK6j3tWzS4F8isnQ
LukeLarson#SLL,vfqqbw5H5CIrbLNrz_pjI8_rFsNeAQ0DutE6slIoEizHuzd3R7GbBgfEc8QYBzq_d8vlkpGh0PkqQg
Jeuynh#NA1,9C8F_LphpSi4Qkbf3rQV2p1AQ91IdVfwJ_wPjF9Ra-wLwrz8dN8GPuo2D4GSnbQpWejSE8WxI0fVRA
superiority#kid,-F4lOilvtkBhSr1FQzTCgdPz9Daut9eZMyVtIzqdH4Y3kQ7OZqqoukXDKbTQTuKDTHRBdgCxG5VCLA
mimivirus#NA1,ZOB8SwoZN1AgXULPMQRWOrXYPjYR6BU85ZfYEiOiBL413El5YwNJjGDJVZZMQ7myVxANYvtykXApSw
Luqun#NA1,DDpyI4PO1xiBGDEQDuUbReUSowrDsCMvqRTHyZAmXBHuwaYehV-zAgAUWWxMNVBqy4HAYMJRS7nIhQ
Dreynox#NA1,B3z5XUutTsvqmJDHqSlsxuyF1pzCu8zbs438QNh7n4GqtCNVwl3DPHbjPfFvM-zPUeTW7a79AZGhWw
campislife20#NA1,cv9kZIeXuot97JTEkjg3si0BIplP8R7xN3OeP3rbq4bMxAw6b4g9acsiwtL083RnY7zSg5frinPrLw
DreadEye#NA2,IH8DUI-vbpuG9sryHmZQHO2z8HrfY9k2ng5CKWqEQoPy7bbY47ofCYe-QrE8BS1gufvQzOcxayPD1g
pitzy#2676,2NWk__xMs9i_YeJoAXfNDwY-7AyIMV_VfBHXuaC37_Jz2Vk81kMZSVCYotqbC95UdVnPZIyMHEbeKw
BananaShack#NA1,bdF8DwmT1IlzVPb2-OVvavSZnfu3RJJ_k6gveKb7y4QrMDzFo12z0sG9MXoSX2L1Q5z5JTC9DbQlxQ
LoverOfPies#314,j1N39OpNpiPg_3jtl4kk7tHsTRRr_J0pVutL9eijwO3LAcoj9WoQGhRyPRc_aXMDeMAV9qQCFSxXXQ
snacklepackle#NA1,owBoEFvDppytRmVh70lmzQvI_-cmJ766MB1rVlvKWsyxSZVoUnHdsZwP_Otqo0Dme0YrvRPM_UXLYg
hmm#NA1,9M-dl3gJfi6X50e8-q09bMaTxk31utw9ctPIAY7C4h_Gbh7qKpccXK5zs-V1o3Miv0QJD5Ta8gHHkg
Nephthysp#NA1,feA0mtvfe3bCo_7n416CFiFdPK20G4qjoy-eXPKnJ9nyEwfJJ-dTBV1dP8eRkWixLH8khzeMUL9Z0w
paulhnlee#TFT,jMPeVQVEmxNaAYpbarnlxyl4nh0Jp5iVM2Becboa3Udf_bzdZHOC2jd1cEyDPZeM_-yN0fLp1CmWhQ
deca1#xiu1,C2l-3bKKwKqWH7WhKWI2kvUQ1TX0wHd56dwnl_6s4gSKRgngG_bY7h0x9Z5mNaan6bkn0fcuxGIstA
MJH#mitch,NmSzSONsZ7Uwv3z1w-6F3JKkqFHy9b4sG0dY_5xqFgl4Nohx3HPIW8JdyrcHHqX70W-0bUllck_Tug
GeneralCai#NA1,20O5pKwueCjIrJitcmBXDvTkQ2eJWeQcwv-qqTj9AkjbKYs4KVkjBBBVFWl2sGjfxJzjnxHulcNwuA
tboy PhD#NA1,-_C0WbVSUXHl9TbPgcpEc8KdzPtH1q1uUrfrOlS8CnWjcYUJIKKI9Zo_KxLbFA2ee3EgTrb0D0A4Bg
TTV thekrayc#NA1,_cR8gX01a3NG1aAsf-gSuD8w8UjnMNAcX7fBiWI7D3maLLAaKtYddV1KmmfR6rLR9V1hJNvYz8AaOA
KiBi#NA1,AjigwM3ISUshbmZKRepgFPKuJD2mF9EUjc4Svz7jlU-QIPIlYcSo8PO_2QvbVfkswobXwGEAl6LMqw
Frodan#FRO,L-X4_ojTQ-Iw-Lb1paJ4M7IHrNfwnQG-NtBOM5rXFajXLkosniOK_mgmadHCtdMnAWrBYB7H7KJQ4w
Bozo#CHEEK,xbjE73_8Bq0ZR0FgLkYwOHtlsDlVrtAJMambkt4B4q2idd5jNxJfY9nPGsJJuTr5NwMNc9TYcqeNFA
phura#cris,7y1doD3gF3TrWZM9GvfZ1sgy0gFZaKOQPgr9ycOkMXVtwYTDxm-2LwKvYDAEBXH-1Qi_r9xMm309XA
WHALEOFPEACE#NA1,YpOZO5r3bnPjdVErrKSZV1xiIRq6bqOCSLH8PUGvR_ODGNzGHizmeEXPaVwQ5JPbRNehNbKNMXIcQQ
Xiaou#YVNG,uYztnhGz5xvCBgYyD9hTMdJ3BnWoiMW7OePb-fsdEtxgXRa1GPougcAXJ75mDpC37WeULr9m-4mvUQ
iCopyKeane#SIMP,IvLn2PJNeAM-1G826Aqqpwh2P8O1c1nCpdI7fTdq2Roghunq7n73B-rUAtIzfp0ukW5YwoZvqMzOow
mein#pengu,HZfC-HMhr3uuEOaGNkMCc3UowxFlny4QdnvIZx0a3oVIFV3tajep0zvyTZY7K8V2_x86FIWb_dOYnA
cneryx1#000,7AM2t6dKRwnSCyoDaskGB9Slt15pOh4BJdX8BKb10FWL6gziQ0vk-HvBmcusq5NSE4szWaumBIAYXQ
Rakki Ryu#vtube,eDgF1SLZDMYwUSuX4Amxgm_5advxWd-k3Ban9TsAKIdaqtkoD3X1CzhKAERfv6g552K3dOsUST7SDw
weird#4201,trGB6-dOu592EEPCO83NeXdK2b_GErtV6bUFXfoPYux4GEwz-_P144rDBKa7jlBbe22C7yd1xsmJkA
Pun#TFT,0xj77FBA19IsyAGleCPL9uZ3nE4i3R3mHyOn1Jyxu4t1kQ938ZiD0C4qwZ067XvSLIfjgLRaP4eTZQ
Gator#3345,OyM4eoXoiEZAU0DHF3gonqPc9MEU15i-4WYdX4Pdx4ZVx-9LplhQyhtOS9twd7l79ZqkZaj575eC6A
TFT Rex#7670,5NQ5F66V2sG4uphyP1_sdplKz-Te_DDS0GGNKmXBJkCdA9CdFdaSX_A3nVZA3MlgxjE9Zz0BwNJWOA
martini blue#hitc,Q6e1ygLDEpvo3IFUNXeo6D5XtvaPGbq2wNbt0ta7bIQuKBTapOsiEDcw8RDjs01zHRIcqFw2IOU-vQ
Anx#TWICE,ompI0yO6YsrNb6GSoXr34H1gpi-LEJsHPvvSd9jUwirAYIEL8fsvTAH7asYTmJ-RW2bPXQUszCu8Mg
Trade#6969,_Ngzhbo4NzhZQACWLjtEVM1ZKCTZNg7Degy6nEPlCCn-fp5NUWf0fJB4c6Ysh98QlkGp8Ccb90V3iQ
Bulls0717#8888,e-EuIKxpmNxsfJ-oe0IXJ95mPP-LVGCNa6au0VWiXl_S_jBjN0WdWjhOwMIn19HFLjKhzBxVIh3Spg
DrLilCabes#NA1,s_8uQSvXkaFdEj3ahcHu2CF0huBZM_e4ruXn397UCumPRw5xwSgKZ5WaqprTdAdzQPO4PmckrViKUw
Daeyle#5676,mdyArUqeYS17LRYukLqf_8wJzpWMc7NjaxmhuxIjpl_dU7NmxTdErRMaqLAy6HgDUJNf9YiYb7x9eQ
Tarturus#NA1,oZ3FEB1cEdG3pUGE33SGCVipLOr3z1yfRS6Js4jABfZ0JGTDF9jFgt90B72Syoj6tTjBnVUDbkEhZQ
yoohnTFT#NA1,HHp9tInUbzptR9snsjKoQYqAVPUhzevfos4qt6scPw2fUJDbf6NFnxpDF6EX75WxRyv418GuPI4RvA
DashDing#大神丁,Oa4f2d-WJ7ZLSlaEX8s__QTkMYtofx1J-pZnpAVpkLrhWhpsH_uVi17B4LkrTNHhldOUZXhgUyehPQ
RFG JasonLin24#RFG,sTDXkBFePISVlJyZtG2MNFHLo8oKz76jfPcHINjlTS4sP6deJTjbtp5gjRHw4dKOcfod7mZwPN7xlQ
jeddi#YER,DNJLaTWQW6Hq6yuWOCMqQP1qPmw5R_NB_myXR61b9VJ_8FCFYWyGxDvQT6yt-DiSu8bvUrScCXWDGQ
tuna fish#001,JTTDuMehUglg2Z4wZDdPbO0SxixshUrnZn-v0NNRnIaL71XdDM4JKGjSIbDG2scmO_B-E9LejGeblQ
Crushings#NA1,UdugJoK7-dVSamARwwtXbxF_TdKxqOpOACUt53Pz70yuq-ru19p32MO5q7rqPVxVSvy_60y7HDmtoA
snoopdong#PogO,Eo7V1M-JmvLWkp_NOM-3ZEFog4vj6XYy25fGX9LYaaYWyCGarCDBn87SNb_gIJCjWialmuJOjx5HSQ
nctn#NA2,9HhFDTRVpxXg2NhmAmY8XujjDQqhDkURMi0iNt-f_WIPYxYMdR3yAC1lx-1E0ZDFCvyfhsInvFQQVw
kramsey#NA1,CdfLHXKj3O_wbvqvrYwUP8eujbFcShZBkrSM4wFs2b9wZFBqWD4UwMuyPsHXgSYbMloJH8xpALHjmA
Vuo#NA1,7DN7-YysV6wpU5jWRDH1yKOI8GmpFxGuDJ5PVgFnrmfmtn3J9p4q1dFXhfcPYAZefR21C6R13KLhzQ
PogiTheCorgi#Pogi,1AmPmtHEWCIOHZ-T9LZwAcRWtkio89HVdqrmeko3WePpwoAMkwPm0r6_9fdPBumaOvxgip1QInWPZg
Marshmadillo#NA1,QMheXllgx1BzN4h_X014oIBDjyZvYOPQPU3j4bvSwvwqoNkyIA0JuV7Mnb6T769mkh_cLCaNwh2rGw
MTS#amaze,yPKxsjb8Tjl-h0eXZ7kkYJagbE-ZV3-60Lo7CBf5QlCtx0_lH75sf0RYoJTd0T9BYK9ChXSpQT06-g
junglebook1#NA1,ZJvQcUF5lcnX4Yztuxy9iI00zf-Ln4qf_o8-uFlDouu6kSrVQ4R8xxnRhBtncccp19ZX0xL5FV4Z_Q
yolomycolin#NA1,WvSOdgbcoPraI3a8cpT-g-aKjxScCGDAf9PJ0GxU3AUck6N8UY83qX0s9OVeXghQ4HUqApWFsaWVdQ
Lab 028 Majority#TFT,SVSgkGX_WiaspxrH47WcG3u4l9p8JALWIsferSKcNX0HCP1ydb9c2Ljr5QNkbVT0c1hluoD2BGwu1Q
Troy Moon#1337,axu_81sKthE_Lb9UXqPw2BLNWoCTLxsd2rQvmVbCbHPRsyvT1WOps2E8rA4Z8TeIqLi9Eyv7CZdLbA
Drikk#TFT,sjSDYXjz_twV4rhOtEP-pw2Y1wVuejRVso4T4Yq-ajP-6gbAB0cRFZxughjYR3Y3b-CPbFe9LkNQPw
A Common Quail#NA1,lAMdmGo5Y5m9GtubYch_20d0fLjp6xGl0rD77Am4N3ouVHiSbHQHx-7pSYesXokkZeMmvoZodhITzg
XXY#3208,bkI8w6_BLfseNdLD_kfdZYQhFjyWSvAxctEWwMPzokd31lNeTt-_C3nQzk2_TlBdELwO7_4O7U6PFQ
Freebird#XDD,v1M0Q2rkVezfgdAIElZCsSad0S55whJBm-YVuDWFazB051ni78ZE3EkvRHuWHdE74izcYDhyPBmIaA
Oh Hey#2337,d_xKHJMsyTDVFw7ezfxZisRccFsAN6juYlb6RCC_OCyN_2VvpCcVCyZ3frB6WlOR2Xmx4CIvPcB_Qw
Pizza#peko,5EPuJyQ6ksCWnPn242ZHK3-Tm_rayYJVViTJZPIyH7264G1_wAv27W7rtamSclAHdQC21_6b3-5ecQ
Smites#NA2,50bXBbZoke1PrGcKyNcQXkpRe7_-PRskrsd8J9tVeEoCcqJ9Zj44n4TjHFATAQ3rXoNV4N-KLrCBsg
chan#chan,RafuYvK1FEpPplAbengDI6EuwD42ivprJZV12zbBa0igD4I4bzs_KMkA6Amr9lzt7_OKnCI5P-ZxbA
Ripple Overdrive#NA1,ao0pqliUOZ7LmtuAblGtZhvjVWmCyFZcxAUbtdrZr2VsQ-3xWcQLpKuhN8ayz2PyCJeAcqLWjOuCSQ
BidetBoy#Bidet,wdstQf-8RuF2IqwrZkye0a0n-Jj1gEG_O3ilku_OPM8EX_mylfS0hNEMRioCm9hCs6qZcISnA51FEQ
bennyS#001,VIGKDO2Oo42cewLAHg1fOgZZ50AUwXw9y73fAOYMacdstRHnwn0eNmCnuDScHVidIn1DpFj7C_4C0g
Effen#NA1,s9kwndqeTq5TZk6oNaMDeew4AGwsnPtj5gAIVtD-QpQad6MdTDQ_s3WBdos0h2jw7StHLKRgmS2UZg
syz#0021,1ctABX27eoEofgxYpxTNc7ppbhCbXsq9tzwWdFBPU5VczhA2zT1KX3cOA5zYcr2qdvZMqDs2gCqLEg
Toce#NA1,H6teEc3DY9-A_qRW81V7pBv9TFSlom7uk7F6aP4NaI6SUnqMNXIPVPo_B7-_DF6kF2jfHIBrBEBzuQ
Spooxy#NA1,NlK14Pmr-a0c_AhsMf8lXwD8Gqptz_aJC71G-kFtgX60mvlboW8xzW9ZnPG8xczJIv_OF6Pfj6PtCQ
One Reason#NA1,iPAKgUQ1WsChJBXXHZ1FAxmkurJm0Q60ckCmgao4zm2kamNT3rOudIhJAaa5KAaz0IP8_7HV8S0Ebw
PiratesZ#NA1,R-P9YVi2hUWCx_6TeN5olXWHxxzS7vgVIGX9mXQszW7XCEoTT83xUbOxTjmSduMCidK1ZdFIbwADRQ
Bradini#NA1,pgLrynO0fxP-LQUy0tS2w_s5MsuFY-0dbRnzJe-nYO8gPcLhptcse-N1ToYzvbeSv6YZV75gonQJcg
Simplenmm#NA1,BJn7p5ID9l_iGo3MWAl_0dhCx-uWZbMYx1rl3rsj3dq0Sw0dhhnNQTOwGgKVte9g6J9156z6zXBvpw
Predator#TFT,5mHOZf_bIWROl_LmKvjEoCFuw1crP_V9ig5U30dCJbzeIMKSrzcv3JzjZhkFsXY69ukQCXACmjMFcg
calveen#tft,0niPvZHi_j1ybaaIiEYUj4X6i-XiEkCBJku7UM_3nZ4knVEXWExIA6Fs4FQicGxB1BoICqpliVGXGA
Connerisme#NA1,_o-Qb8T6WW_MMBCp8h-lslKGEqd_Rx5J2JFl4Dgu4C6Evta9bxZzZiRhWXKPwam3CaS55qORd5utbg
Movie#NA1,CPDeghQDZP5aGmqIZuU84gVJu2CfuN-XVzj9WBsPv0FZ22UbjWDLFJSMJK_AFpb4winuPOYL-Jf52w
sponcyy#NA1,CGe8tZIzuGqVDgRdoguVXA-uNhOGGp3K8MPKY7JbaHcrGxl9ecwBiMo40siE0-8vxuQi-_Oj0b_f4Q
Hanni Super Fan#NWJNS,AvNkK_Nv6z22fj_5yYXjCWJ-nSJbzr2J0RY7eog-JGRp-wPgjmXaL3jvxaR8HMnjqFlfFJ7G-MbHCQ
廁所在哪裡#11111,mb8zrNERxg8GhR47mA8hkh90k7R-cMkC1rq2tdQAH__8HERbUgVsY6wSTL1k-F-CsP4pDHUmdxNqVw
Rednex#NA1,d9rtmMWn7HdLadX3_kqvmUJYdWyZ0xJVpuCXuhxg_6egmDhIagDTrl-zQQ5EwO36NViUbi-xYjSDuw
Skolariss#スコラリス,Gd9pQv9tmrCwINd8XWGXmaEDPkvKRPXqtupvXkqwNjfHrQ4gJ7azZ9Lw5FivO3bSQHnEpnWGqdgdHg
Krumpus#NA1,bpXxJjyo6FwJeU0Sk_7trNV8IDVDax0_pby4TP3qCzHOukGLI1q-z7jMT1arCMdEhWQS2WnmXw3FSw
Kurt Angle#PMD,y94Zj4W04i1rNpyDej-QFiunPwxS7W6kVU5-SdyPWF3vjjDnHZi50Q8WUI9HwgdtHw2YLVqlQqPYQg
Bruhbruhbruh WHO#NA1,Zz9L_voL6mn3WVjhhNvSTyD4LBrcePrbjQz0aopIGcaM8lAOo5x4f8viNv5EL4BYs2nh16nOvr-hMw
Spearklez#LTG,FxWHvBtY7HQ0HPTueIuVBRgH3FE6BS5G-LncSmps3BP7VpzrX-mnKrKz2fi6Y_E_MvUUV9242P324w
pannyandrew#pan,M4psbJsbcVgxYcinJOjXnAFyDTgVsvDCcqahx5tNiCPqtVAUoHN84Emxoig1KmUDTgnJwHaUUEKSRQ
Qpote#NA1,RS_TCdBMjKNj63fwSrdnpYKPWY1mOqkXAjvtaUvnYqVXHeFTat-GV9vyLHRkgsueIZt_7sY54WqXdQ
ache essay#NA1,LcXjA_Pw50qPwFQ2y4AYpp60gW5cuYn5xEMTglKlwuZ0l9YtwxYWklDdzFQS1ctfqde4ur74O8fAWw
NattyFru#NA1,ySdrETPtgiQrgVHOMygKSZHTOquRZaeaihpp64RdIYOhNCXVIQPRORCQODRh4AtNoIL7fe-Uc02b8g
catgorl#666,KPMd98qHw4CSHnbWva3KaBvnfqlP_P0-UTGTvmjm0wKU3-7DIjD8vEFAPpLr3jgpGxvwoA1keivRpQ
zhunation#ZHU,BsH6yVXe1vi8Y3_lNvs_Pu1-lu4TDHgVK4pYdYHwQBxKA7JCrxfSoQnOtnFulYCCIPrJWJcXJwISUg
farland1339#NA1,D8t_5c912Aq0sK478gnzsx4RhU-qTxBWmvvpS5W2ZNCQvsu1qxf-ByC0iG1Cd-2ckdEbWYSTe1GjnA
ChénnyBoy#NA1,a56QsgOma8F9EEkn87EvL3H9EHyxh6Xf_BTpqAJxzenHGBH60jYIA7DUlw1vAy7cU13O-xOoKL_uwg
Ichigo#NA1,Xy7sMfhtQWb_t-owYOFzT9lXX9VHjpNaxlu_Zoch-9-epWcVz0Sx3O2BjjQzljLQcwTOOp9piOzXFQ
Flightzy#bot,oD_sRIcNFo0WDrqsW5iuCOEv1movQwKj8-ktzEqmSgirFa-q7zGx58DpVE-lY0jT90qK7zP5uS_TRw
maliuwu9#1250,Uap9GjRXUfNBGfW8kZpI7ShaQuwSB3hrHEN612fsS9_zkvm1DQFI2KXSmpjEEl6XeeXlMPZnWrp-Ww
iStudyy#1075,v9uhSsKwWYm4Kjnc6PZr8bbck--0kVga6YoeGo54dMXix0TnZYzQysXQAPAbu_thJDfeddYlwjn1VQ
lucky#3663,oCb7IXJvwXG9GbnduApad9CHGtIYcJxwFxTIkqOm2lKgy2vI4GU_xcorzOjLFQpfCbEERLHM8wCESQ
PeaceSai#NA1,T4Ofmaf-yNYuYRGniaPwurDVd-5brnpuy1fWP3p5hkOyIyMqVtVmMiqf0c5Mz9O1mqy575hKRYESdQ
zHydration#NA1,EyNfyPzVWMdKdBjtTaFvnnXz6rB21gOzH71lf1xhjDATMwzexRe1L8jvMIPCdKxKAeeljOd8X1mnPA
ccasely#NA1,73G0OyuLB9rZyF19fV_8C34uYY34-JDWCGfxkebWorIzwucWelemrbsdkuwsP2JTEK2T3hklEGIIsw
Guario#NA1,Ly99aY_NJtnKX3NfJkgPyvx-2EVGj608lm5VclJ3lMM8-f8yb5OZ1D37Sb0tf523mEUpXwblhhZd1Q
5tunt#NA1,vAO1Z6CY6kHYjcKqfu0vhlTh4OVL3fzykG5PmHNSNAIZjyQJ-zMjq_YB6-LRBo0IxA3JcSy5fRVgqQ
PhoenixLXIX#NA1,8YPqV031BIGYjvt9fKp7hfbvrAaPljhaBE4pWS9hekIzTyx0Jxd_GjGmM94koLr_OHDsmIBRgjrjqQ
TurtlezForSale#NA1,m1XotJB0b3VDOXQUql-N_Ul_CgUCSi_xAp6NuOwm7emHN0sYeQAUZjP1lXYP25XNEV0lIvkTvVN6rw
Sshade#noob,HfhA1z3bUKYKeJzkRoFN6aFeY4wv6fM58lbkCeir2pn53UdBE8Z-mpE_ziaYv7QsFhJMY5e_eZh0xQ
Franchise#Thee,PmEujWWIUXz4mHSgpb3DRR893AQBcC2TU0OnVhntjRq53y-EKs3jTgbImrWcg5KRsXcWkRMqHcKJDw
A5 Wagyu#4297,s5MT6pvfbx9vdYc6bxEYBqH2hrjSYjerg8yObLl3juxKd096NmvGFBZFraDJFFQMYCHMFJ4kzbdJ5Q
shoma#INT1,o4h8LBnqzz5f1BZb54X6-vNGqmKjnPrK7TI3Duz8ZSuUaZ7ukWw_MXDl9_xHl8W9xUurHViwUXGtZw
cn丶werid#4452,qtLcZU-aZCAX6qTAIdvujd6PxRTFgsI-3XCLUzNZIVoqLblrj9xNT_pXp8BulE9sE-EW0xIDh73cMg
baka25#NA1,q8PqWTmB3_MWujhTDppaIYVhQqWhVLuextMQtL7kLIkZmT6wd8BrMvxxCrtbAjaPlX6ZwKag8BIrvA
Casual#pdf,tSEhygQRL1h2pH0oiKTFD0OVdIq76a4KS9Gxkm8ns3DtbLT68460G_hHZ4Tx3zz4SZ4Kky-tUPK5sw
Dufaux#NA1,kDnC0AE85xwmpbPTcglr0CIyRIyTtbwq90jMGEpdSl2xsq0JWEwwWOZS04RPc_Tzn4NACr7XPP7R_A
A Cute Cat IRL#NA1,f5HLxLloJTJbZI3i4s_5hz6yI7Wo36Hv6_w-rd8oHCV3gIDR49aSVihkzHJeBreJ31GcFij794w3pQ
DOAdacha#wawa,eCeRE2ExBc9QVCv6c5Co-cw4V6tYiMNT8X7-Z568Occ7uJRzIYTT7UwfjIUbUbTRrO2eSHoCOz2L8Q
Cool Guy Dom#dom,ClusRLSOp6NNcVQqAe95Mo0iLRhY_E57pQwnhN89WEEEjsfXASYDWIEAoedfjN8pWh_BF9I9PUoaUQ
ThisJX#NA1,TzJyInf77b8_Ir4_3WuoAnAR8zCe591rIKu9ldhatmdaWkqeIILjiXOXFDvg1oVCvjBquBohuo-BzQ
XxX Wix XxX#NA1,ANGi8q3NwIKuCTis3a-0gD8m2yb5k9OupF_N2lMIoK6A5OGPcrnNs9nhznV-y_zg3STAMnWOaOV6nQ
Eunhyukie#Cee,J9RU6yajiZvrYxuBnbNTkKvvYSDFjKzJmItad9R7_Pp29Mp_Oc1iencl9GErXgdbD5C9dn9ErzgfSQ
Cheneth#MEOW,E4GS8EFztGSOnhrZsecFwYC1ODqGl_ipw-iDlGIljcBlvZ_ZukNZ89gATlY1IUYEtHz8EOWabWpRhA
Shine#NA3,a04gtqbyC2lFUndGXcVZ_xXccnwEGhDeqa0rd_-7yK0nHcRABE__oIw8Nc1UidYovXB0wZmp9ORtCw
Sploke#NA1,fN_rSqhkyyPcN-xbzUjnMlWAzZBOu9UE3JkZYT2l7pc1n6EWfBzJIxp2J43U2VcWmQgswAkFfgWJ9Q
Darvinism#3389,zAhb_zMqob0U5Xu9Wg0i4QxPmBI_9Lw3XItDjrYb7swegtP9U4MBJDUWI9xHkV4bsbTr7P9AdKo6og
BBG#CCJY9,4WGXeQw0L1q9yxhwCH69hg7nfk2iwCBN9wImReirWonWD9ympBeptvBU_zo4rrULB9fIWL-oIiOtuQ
Sirturtlelot#HUH,smHJHwJkNpThdvnWXPyisu7Iia-eFr2E47B6Wiyx5AUhroqTf8elwFPGz5tn5m7iNJJNSK_PNWnoXg
aricast#arc,PlDmkSyZ3r0HRw0KmrVjkdn3cS7ojXoIbNi_xmF7kW0aJf6fLDD_cA1BjQRBEdXze2MdF0B0DTeh1Q
theOnLy1z#NA1,a0Ll-gpeJ9Mdfxb5szA3xdgbNintQOv6wXiAc4M_4IoKp6pLrpvfP3_gpG_vmh7R51treSbRfSDK1Q
CookiesOP#NA1,G6g0madTVARCBrlrTUb3kodgMMxZIl9WPr_GomgiVj_j0-9ZwrOYuQsThVEHIAnARx75pI1KoKUoUw
CookiesOP#NA1,G6g0madTVARCBrlrTUb3kodgMMxZIl9WPr_GomgiVj_j0-9ZwrOYuQsThVEHIAnARx75pI1KoKUoUw
NicNac19#6752,Ol-vkVDem6JMjCyoFqYcaRpL2VxSH-OCsjkVojGTBGXBjlxSGP_ZU3Fl9qvwl43AkbFeTT_mBMtYMA
SZK isjerboa#TOTT,qCogcWrA7Gr8Oh_LProlM7zVXyRs106cmd0JfeVgzvFTDgXh2rFWuD-wZ8dwLj1FsLJm1QO5-f2CgA
Honkers#HONKK,177zZSzbhvQpr1YgmEDy81iekOaKnv9kvW9OlZr3q4gkuH2TMt3By-40rd1JhtJ8DVZXRaW0S9dO2w
ActualSocks#NA1,0lmwgmbghBB8VBQr1kM3GnJwqHrK397qPqaUAeBtStVtXLdf7VIYZ6-mv6zdKiuXb720pyY5xWyYSQ
DrewbeeTV#TFT,G286VZBTMgYo_7pGcSZ3qEfYCzbWHFuizVEMFEPhoZCTzv5H4i1UWyZW8E-ZVXvcmYZe82frjVWkjg
Kachowski#ratio,PjYpGEY6e2MaSJD1YScMeOrodpMMMb-zJXSYc-glDYhXUAYb8cMqEjSar1niXLkJRyLA5LoRB2nSzQ
Hanneko#NA1,CGOy8mRpa2PIxfXJCb3epFW2EkiMK3OqllxtjieTbTU9LDMPeUf1kLjpLs9POZLRcTDhcZXENEVQ2A
Oscat#dog,sWmm9oTMIeRkgFgijhmMstglmdN4XcxBqIaLkbnyYE_ThSwAlq2Z7WHewHG1P-1TUyJnW2R6nPE7Xg
TrajanTheCruel#NA1,m4EO-yicuJwSoumQyiIAP2KhEwg8IyzElbygl4pBIr6ZyS9CZ_dAIa6pSqijAuKLfiJL0Exfzoe08Q
Vancell#NA1,YaCXXVip5Na-jjjBd6jKjGSlPwGKxRUkMSj-KMNCHSOynAh0Ri_szsCIN3DRHOoP955RLQP2ravDbA
yibb#7693,8BCcyx6xIm3JVIlZoGKea62dbrVhvNN4QfCTw52eJ_2ho8FuSXyfCFHdJRvCN0Jpr3XL2uVeR6EeOA
ToonCakez#NA1,KgwL3N-Ssk8ewsheSzEt3T40U7e-qGcqDVBu5RpQl84Nf_4XKUE3P17b45NFsLT36O4c3KgCSS1UxQ
RalpherZ#NA1,ALOHwYbHmJ-dRoiwTrJNUDco0t6ob6TCboiigd0OmTyjSNXN1vBumJKvCigiGIBcBbQmYmJpnPBhCQ
kai#00003,WrJp7lcY6MrWBWydGRltIPWGkS8dpz__EepYgE6y1Tl44PC49JXk5MmbuHv3aePg99SDJgrCB8mQxw
M0Mboom#NA1,tYp8SZuU3djZFvHulfnpZVOsmBDR2uT8JSgdGtfOp7bcGazM8F_D4BEbMlBSpQImb84uodfrjM_BAQ
dogdogdog#NA1,IA-zx_CzMLXjizH26C79A72DlHD3Hmm9mE2bmBpeQ8jHuLO2qGSmvO7BwlOHZhIrD6gHofW9A_S03w
jameson#jaja,Mh2zoy2p5GAFWKwJDgcPiAajhFHVccHwjRZhSpIbH0eWHjJc8jaGRaJLjbMqhJa5nQLPzInJDLrFUA
Shadow x 17#NA1,1magx9R5AWKuEc3lKdBc2Kc7R7kAbHa_qHj98pLmqcTiY_MgIGlJJxEQOyG7MajmfjfMn8GdrgoPKA
Downpour#0002,BEjP2_sp2LZpk6NJS-Zt1t8NlRhw428OoFVuDvbOs0mODdI5J6BQoFATncqF6ay04JtJ0kKkeVQ4BA
alpi#rckts,KI3Me1xl75nEh_K-RyEhb0mBJ_HF8ULVqmpFo1Zq_QpkstbfuVJjOlKUdy1Rr9Gj-XrPdkrCNIDm1A
Perplex#NA2,WH1oZgHJhYVoYOHEeMhJ0sa32ODL0F_Dto1rXnvYMOie7vwCxAL6xAIanAWYHnP68drm8D0ThFXR8g
AdminK#8105,NAR3p9WkvZqaRDILrzQhrx-uKxw9eFws236ZUfb11G0zY5RsB7ffU7nxhMZCe4nTT_gDSE5JnyGYnw
Leeann#NA11,6jL2m1bVfRtX8004JdWDLjL76qvH9rgUwIpSftl5LH1vrTWhb-Z1jAPMaZF_bmPe_TBvKScKzRl-Kw
IPwnHao#NA1,UEC1OOPuSYjaJY85FWwVITtcBVmVz9Olps7QzkjRHPn2j9JI2BlFMZ4cnI2Ipi3Kfd9jlkJ8mbeyvg
ShallowZ#NA1,EyR-HX3owcQJiOK81c_Uje8NZGxX22W4QGNUdKtVrVaSKQfP5xSdjuQTglaZ5WDFFFSv5oTWiyu5Ag
Absoleus#bonk,mb7rE08HEgNxcF4Km6BULuBD4C2XgmXU8aLj4v6LMX69GCGqtuBNMRKTBxIYR0FItlOuv-s5Wn5KAg
nL Matt#NA1,U3TTH4RC0D0u0w6dQA4iMq_3xMO_6-xiYyZGRVv7AfALxTJ3Y-YgaDhqP-t7E5XI--tPaVnGfQjLNQ
Kayris#Kris,Dnb68-wvd9-zbJa1KwMxmynYWZMf9_dEgSXnmi5dAJa3yuZo_MXQvjNnS_ullEeX0UMAt__4DKVxrg
Moose#HaH,Vgf5TIothKjbyrniapfIna4H39mCkVZyxavePVdI6lwTlSyEP1QtTlf4NPIsNUuShAYQU6GY9sG0Ig
swan swan#swan,pHLty5hlXWvUyI5Hv6i0UyHoEYCjnBBX2yfhzhOFWSm_9TDCngfQzC8Ns6Wp-T0y0eYSKCE9UT4uDw
Rimsponches#NA1,sXCpd5VI2fwRlz5ixl8ODlGT5G_D4vFmaa-YBqXQucwqGe1TsU3V_Be8apzuqh4qVKwZhKCEuX9e3w
shizuka#NA1,sc_s_7MMyihBON2Pm6OZbMcF1CxOZqyAa3kTmuIaw2rWvT0_7mE2wZ9rcxa6VxEQ3fGGu80Z5LztMw
DXN#OwO,IfyeX56mVqMrRZohoUTTSkQmv4ShI54deUc2c6rivKb33FYpJ3lcgPX4hMLBCdGrkukp0XQrGWANXA
Ala#NA1,-3FgLfqLcJ3CCRygiyyjJCArOD-qUDzWtpPs62z0m1ggCGhRIpliornWhyMxBFkf81-XgXT-FT2rng
Bỉ Ngạn Trắng#sonbe,uo_rhyKi5O7GLgSWWPpvoHcSTQHDroF1wJ9s4WuWtL1IVABqkbvGcsEoQtP3fybLq8vl6FWU7qjaoQ
OneLifeLeft#0003,iyf_iMhc0NnGVuNpGT8CYZ9H5Ojjv6GeSlKLXQE6CFk5V3p3ox9sFWjityoc1ir6iWGVK8YRBVQfrQ
ILoveFnaf#1995,1EBZCOb0QL-HMmneU1fcyCA--FPa9rou_PPUaadpCVNMuAGV_UBg5JDf0p5Ra15PGV0eUovfj0GXJQ
PunnyTFT#yyc,XF1fv2TdVWKR20chhQXnK095-Eiy9GaTWoAaTpK64LPrwdPUZlfxfTI5v4amTmb8LujLcmcBVp7WUQ
MarioKartPlayer5#MKW,Ugg9M_uE_diUDfjcJd3M9sh2G1mz-ftSp8imxhbUVH-OY3vYnGewF27FJy2RBIdxGaRp6FU6TUmk8A
billycancarry1#NA1,bDL45rE_N35_8R1nuYEGTGbrYC21wDRiKNPs937IDMBfoqMqHtM-k5M7SlAeICtSxm-quxfs4mFuUQ
Strategies#NA1,PZkApwyckd762adxRttlSmexNEgf5aGeowros2__Hqr7xMq_shPYVgD7w8dXbFV_mUwCzhENuuiQcA
Ryosh#NA1,LQG_RnhvUAA6wZ7R9_WsxMQblwFP-OmX4JTges1TSxt0LnVt3a7iciVncbbfYE6YKtsWKSu0GC765w
wah#8174,-lYbgSP_8B08tF0NVhZWLCvIAQs72i8ssPm7VkA8hL6wtbg64w6UJeNyR-k8c5m8IWgYoQRu-yyTGQ
Astana#NA1,8s3ZTFpC0qcZ3uA2uaG-SDRIABDEhxbG330_GKYo4MuMbiTqB9nOnAgSgteORby-MvbNAmu6K-nw-g
Papa Nor#0000,Tjvm0d4YKK7mM7NMzS-vNecaF84Bh1_O5cymLetfLO9X9ube32X6bXr5MtrrFXkOPy1QeR8OHgZGWg
IDxmo#NA1,qOAQ5w6cRBqYNUu_MvKrXeZEluiY0zQN4ZIam4vrg27E4evYYaePAmhyvr7n8QqincjtNRav2xGZCw
Tettles#NA1,dSMwRBlgc3KyGal0S2qctYfE3lCpmNZbRjAp3Q8KzYsJir2Mbe3wsr5_HGnjDQPke4v-JPgcMOJSJA
Escom#NA1,legzF6ajAoBRI9WvzXAJyGoc292BPy0Ll-dO2L4f4w4vQmFyYVop6ymcV7hXBmirt8SsLtIxU-Levg
metamagic#5203,R7LSBsRp0a1CnIz-eddrK0lZ0frNXVSSYtJ-MpkYKlpSQvmw_1-NmuCCzOm-Lj_UYBzBVLdTipz-YQ
Koyles#NA1,7GZ7Y1uioswQBvxx7kXigV2WUT8sVWCb4yJFCPkRDF-cJfBMw-LU0I27Cf9Cr28Brs4CPRedCIlZgA
Usualtrash#NA1,sIi3b-ZRGEl7Be9F-aol80Ohg-mX0qBpwTM0Zd5HgHLlUMhl__t6UcgpDjmOVz6Ee3WS6bIHdQsE7Q
Ramenblitz#SCTFT,VjMaqrIDU3vO20tcpNEIb2un__LyGnIBvGtMUiF5ZbDQ0DyFW5RNIS2Q9yA6gCqH4lqiZv0zLnGEdA
Diejoubu#XDD,jm1iWvlX72uqE-iJG8b9v3GBqjoDZvDISFv2H9kHSUZ0dAnaQkTdQXYvhm9OnlkMS0uRyMABqtbS1g
Buggawolf#Bugga,xFp4gtX21GpAjPP9OcXzIRidqe7VbAFQhHaNVMt4GoOBUKt_6JCpBKnBMlqvSXnebWg4g_zzBovA2w
Bright#TFT,fZ72tgEdG55HH_yZebDjuqOArGqfX1ASNnmg99moWhi6HIrqI-S3QdeZSdKVI3eJnortSukUcJvuDA
